canal	vistas	min	fecha_aprox	titulo	url
Relatos al Oído	407000	77	20251002	Los Secretos Ocultos de los Jesuitas – Documental Completo y Sin Censura	https://youtu.be/8w1pXDcocaI
Relatos al Oído	358000	113	20241002	🕯️🎧 EL PAPA NEGRO 🎧🕯️ La Profecía Oculta del Vaticano.	https://youtu.be/l--ra6USqb4
Relatos al Oído	249000	60	20251002	| 🤯 ADVIRTIERON A LOS MAYAS DE SU FINAL 🤯 | 💥 PERO NO HICIERON CASO 💥 | 🎧 LEYENDAS MAYAS 🎧 |	https://youtu.be/Bda7jIMbDTU
Relatos al Oído	233000	39	20251002	CALIGULA | Rome’s Most DEPRAVED Emperor | INCEST, Death and MADNESS	https://youtu.be/E1f_0C8V1iM
Relatos al Oído	197000	72	20260602	FALL ASLEEP TO THE DARKEST CRIMES IN SPAIN | TRUE STORIES	https://youtu.be/p7O-YNlwMn8
Relatos al Oído	191000	56	20251002	BIBLE SECRETS | The Hidden Truth About THE MEN IN BLACK |	https://youtu.be/PihLemRbF_k
Relatos al Oído	156000	94	20251002	Fall asleep to forgotten STORIES and LEGENDS of Spain	https://youtu.be/Bisff-SGAh0
Relatos al Oído	156000	64	20251002	HENRY VIII The Rotten Monarch: Cannibalism, Death and Madness	https://youtu.be/wWhN5Seabcc
Relatos al Oído	142000	34	20251002	536 AD: The Worst Year to Be Alive and Reason Will Leave You Frozen	https://youtu.be/TS-3ybihA6o
Relatos al Oído	140000	79	20260502	GO TO SLEEP WITH SPAIN'S DARKEST CRIMES | REAL CASES	https://youtu.be/bl1BuuqpBnc
Relatos al Oído	140000	68	20251002	| THE DEVIL'S RIDER | the most feared legend of all time	https://youtu.be/6yhJkraJhmM
Relatos al Oído	136000	65	20251002	POPE JOAN | The Woman Who Changed Church History	https://youtu.be/N7lAXIlwp1Q
Relatos al Oído	134000	80	20260602	FALL ASLEEP TO SPAIN'S MOST DISTURBING FEMALE KILLERS | TRUE STORIES	https://youtu.be/ylOICB3j3es
Relatos al Oído	127000	91	20251002	FALL ASLEEP to SPANISH MYSTERIES and LEGENDS that few people know	https://youtu.be/sbnXICAGiwg
Relatos al Oído	122000	124	20241002	🕯️🎧 EL PAPA INOCENCIO X 🎧🕯️Leyendas Ocultas del Vaticano.	https://youtu.be/eBVvhJu5xgc
Relatos al Oído	118000	43	20251002	The Legend of the Fourth Wise Man | The King Who Never Reached Bethlehem	https://youtu.be/5GXUe96DDbE
Relatos al Oído	112000	87	20260502	FALL ASLEEP TO THE DARKEST STORIES OF MADRID | TRUE STORIES	https://youtu.be/c2icwYa48LY
Relatos al Oído	111000	47	20251002	HELIOGABOLU: The First TRANS Emperor in History	https://youtu.be/P__Vs1s6n7M
Relatos al Oído	110000	89	20251002	LA CAZA DEL YETI | Leyenda del HIMALAYA	https://youtu.be/rPlMSzP3ULk
Relatos al Oído	108000	121	20251102	🔴 DUÉRMETE CON las Leyendas Más Antiguas y Misteriosas de GALICIA | Relatos al Oído	https://youtu.be/ij7nuBjh1PQ
Relatos al Oído	107000	129	20260202	🔴DUÉRMETE CON LOS MISTERIOS Y LEYENDAS DE MONTSERRAT | SUCESOS REALES	https://youtu.be/eVm648fz-rM
Relatos al Oído	94000	58	20251002	The Secret Tunnels of Tepeyac and the Virgin of Guadalupe	https://youtu.be/Fs_3TC-QNh0
Relatos al Oído	93000	68	20260602	FALL ASLEEP TO FORGOTTEN CASES FROM SPAIN'S TRUE CRIME CHRONICLES | TRUE STORIES	https://youtu.be/SNSwPOUhPJ0
Relatos al Oído	88000	92	20260202	🔴FALL ASLEEP TO 5 UNRESOLVED TRUE STORIES FROM SPAIN	https://youtu.be/o75r3yde1WM
Relatos al Oído	88000	77	20251002	🔴 DUÉRMETE con las LEYENDAS más oscuras de BARCELONA | Relatos al oído	https://youtu.be/yM9v7OZrcAA
Relatos al Oído	87000	123	20251202	Los MISTERIOS MARÍTIMOS Más Inexplicables DE ESPAÑA | RELATOS AL OÍDO	https://youtu.be/9Pet8YZGlaI
Relatos al Oído	87000	46	20251002	Los SECRETOS OSCUROS de María Antonieta: LUJURIA, TRAICIÓN y MUERTE	https://youtu.be/QpnFuwwJQWY
Relatos al Oído	81000	90	20251002	🎧🕯️LOS MEDICI🕯️🎧: LA FAMILIA MAS CRUEL Y PODEROSA DE FLORENCIA (DOCUMENTAL)	https://youtu.be/AQVlPBiEdI8
Relatos al Oído	79000	69	20260602	SLEEP TO THE DARKEST CULTS IN SPAIN | TRUE STORIES	https://youtu.be/EQdnyJphCbU
Relatos al Oído	78000	30	20251002	LOUIS XIV: The Monarch of Gangrene, Cruelty and Filth	https://youtu.be/7h2h1hkz9uQ
Relatos al Oído	75000	66	20251002	El Cronovisor del Vaticano: Una Puerta Secreta al Pasado y la Verdad Oculta	https://youtu.be/34-UWpm-orI
Relatos al Oído	71000	50	20251002	El Campanero Fantasma de Guadalupe | Entre la Muerte y la Vida Leyenda de la Basílica de Guadalupe	https://youtu.be/XCbsKEZRxi0
Relatos al Oído	70000	66	20251002	THE CURSE OF THE NAZI U-530 SUBMARINE	https://youtu.be/AxaofSlPpkA
Relatos al Oído	66000	59	20251002	🤯LAS INCREIBLES CIVILIZACIONES PERDIDAS ANTES DEL GRAN DILUVIO 🤯	https://youtu.be/pqc0BwN-hF4
Relatos al Oído	63000	96	20260202	🔴FALL ASLEEP TO THE MYSTERIES AND LEGENDS OF SPAIN'S ABANDONED TOWNS	https://youtu.be/03SQB-wS9Ko
Relatos al Oído	62000	64	20251002	BENEDICTO IX: ORGÍAS, CORRUPCIÓN Y MAGIA NEGRA	https://youtu.be/8uyOZy1GMbM
Relatos al Oído	61000	64	20251002	Archangel Raziel: The Forbidden Wisdom That Could Change Your Life	https://youtu.be/E0a67-TKJ28
Relatos al Oído	60000	121	20251002	DUÉRMETE con Piratas, naufragios, Islas Fantasma y Barcos Malditos	https://youtu.be/ebLAQFMNdJ4
Relatos al Oído	59000	80	20260702	FALL ASLEEP TO THE GREATEST HEISTS IN SPANISH HISTORY | TRUE CASES	https://youtu.be/UeGo4auh6Ik
Relatos al Oído	58000	73	20260702	FALL ASLEEP TO SPAIN'S MOST FAMOUS CORRUPTION SCANDALS | TRUE CRIME	https://youtu.be/juHWTk3Ud-Q
Relatos al Oído	58000	98	20260702	FALL ASLEEP TO THE DARKEST SIDE OF THE SPANISH REPUBLIC | TRUE STORIES	https://youtu.be/B4ZMYohjZjY
Relatos al Oído	57000	85	20260918	FALL ASLEEP TO THE UNTOLD HISTORY OF SEVILLE | MYSTERIES AND LEGENDS OF SPAIN	https://youtu.be/dtsf3Dzwm5c
Relatos al Oído	56000	91	20260911	FALL ASLEEP TO THE UNTOLD HISTORY OF VALENCIA | MYSTERIES AND LEGENDS OF SPAIN	https://youtu.be/x8QVSfhevtQ
Relatos al Oído	55000	58	20251002	Lilith: Adam's First Wife in Eden | The Forbidden Story in the Bible	https://youtu.be/EAUXbQ1FOu0
Relatos al Oído	54000	145	20251002	DUÉRMETE con HISTORIAS REALES de los VAMPIROS de ESPAÑA	https://youtu.be/SYFtQ853XOI
Relatos al Oído	54000	53	20251002	The Untold Story of the Three Wise Men | The Fountain of Youth and Wisdom	https://youtu.be/OWfI8grMBqQ
Relatos al Oído	51000	82	20260602	🔴GO TO SLEEP WITH SPAIN'S FORGOTTEN CRIMES | REAL CASES	https://youtu.be/a5CK_wvJWYU
Relatos al Oído	50000	36	20251002	TORQUEMADA: The Cruelest INQUISITOR in History and GOD'S BUTCHER	https://youtu.be/fOttslWt0qY
Relatos al Oído	50000	36	20251002	CHARLES II, The Bewitched: The result of generations of incest	https://youtu.be/pY2NswIgFtw
Relatos al Oído	50000	58	20251002	QUEEN VICTORIA: Erotic Secrets, Drugs, and Spiritualism in Royalty	https://youtu.be/Q09bVzXiJRI
Relatos al Oído	49000	128	20251002	Duérmete con HISTORIAS de Criaturas LEGENDARIAS de España	https://youtu.be/tYhtdruzDWE
Relatos al Oído	49000	65	20251002	EL NIÑO LAGARTO DE OLITE | La Maldición de la Familia Alcázar | LEYENDA REAL	https://youtu.be/2pX88_U5V8w
Relatos al Oído	48000	50	20251002	El DESTINO del CARPINTERO que CONTRUYÓ la CRUZ de JESUCRISTO	https://youtu.be/e2t_LfHZVTk
Relatos al Oído	48000	54	20251002	LOS TÚNELES DEL AMAZONAS:  Un Reino Oculto Bajo la Selva	https://youtu.be/1W95oN3AhGo
Relatos al Oído	48000	86	20251002	EL ANILLO DE DRÁCULA  | 🎧 LEYENDA DE DRÁCULA 🎧 |	https://youtu.be/kO7j7gT5dxM
Relatos al Oído	47000	60	20251002	THE TRASTÁMARAS: COMPLETE DOCUMENTARY | The Cursed Dynasty That Unified Spain with Blood	https://youtu.be/LSobQaIk7S4
Relatos al Oído	47000	45	20251002	La Serpiente Emplumada: Dios, Símbolo o Visitante	https://youtu.be/wClcL2o9d_4
Relatos al Oído	46000	87	20260902	FALL ASLEEP TO THE TRUE STORY OF BARCELONA'S GOTHIC QUARTER | THAT NO ONE KNOWS	https://youtu.be/ANLg-eRIJrQ
Relatos al Oído	43000	75	20251002	FALL ASLEEP to REAL LEGENDS of SPAIN	https://youtu.be/X0E7fJFk79c
Relatos al Oído	43000	42	20251002	LOS EVANGELIOS PROHIBIDOS | Secretos De La Biblia | Evangelios Apócrifos	https://youtu.be/zXpKX4OWSq0
Relatos al Oído	41000	76	20260602	LOS HOSPITALES PSIQUIÁTRICOS MÁS PERTURBADORES DE ESPAÑA | CASOS REALES	https://youtu.be/eaB6RHwUxwY
Relatos al Oído	41000	128	20251202	LAS HURDES: La Zona más Maldita de España | RELATOS AL OÍDO	https://youtu.be/6-h6WQNRf1o
Relatos al Oído	39000	122	20260302	🔴DUÉRMETE CON Mitos y Leyendas de España que no Conocías | SUBSUELO DE MADRID	https://youtu.be/HVMwr_FE9ig
Relatos al Oído	39000	33	20251002	ENRIQUETA MARTÍ: The Vampire of Barcelona – The Most Macabre True Story	https://youtu.be/bFBblqZ8pL8
Relatos al Oído	37000	106	20260302	🔴 DRIFT OFF TO THE MYSTERIES OF MONTJUÏC | Fortresses, Tunnels, and Secrets Beneath Barcelona	https://youtu.be/-lwkJuPybuU
Relatos al Oído	37000	118	20260202	🔴FALL ASLEEP TO THE HIDDEN HISTORY OF EL ESCORIAL THAT NO ONE DARED TO EXPLAIN FOR CENTURIES	https://youtu.be/33JDaDKaG_I
Relatos al Oído	36000	137	20251002	DUÉRMETE con las LEYENDAS OCULTAS de los MARES de España	https://youtu.be/sUFIfUijQXo
Relatos al Oído	36000	71	20251002	FALL ASLEEP to REAL WITCH LEGENDS of SPAIN	https://youtu.be/1hFkW_rACQ8
Relatos al Oído	36000	132	20241002	LOS TEMPLARIOS DESCUBRIERON AMERICA 200 AÑOS ANTES QUE COLON	https://youtu.be/J5FKveiw7u8
Relatos al Oído	35000	72	20260702	DID YOU KNOW THIS HAPPENED IN SPAIN? 4 SPANISH EVENTS THAT SEEM IMPOSSIBLE	https://youtu.be/7uhcmr7EIeU
Relatos al Oído	35000	62	20251002	THE MYSTERY OF MEL'S HOLE: A Truly Bottomless Abyss?	https://youtu.be/nGxvAZqFY3Y
Relatos al Oído	33000	90	20260902	Fall asleep to the true story of El Raval | Barcelona's Chinatown | History of Spain	https://youtu.be/nfEs4-H8u3k
Relatos al Oído	33000	78	20260702	Fall asleep to stories and mysteries of Spain you didn't know | True stories	https://youtu.be/Mq5f0LgT0_g
Relatos al Oído	32000	95	20260702	FALL ASLEEP TO THE LEGEND OF LINARES PALACE, MADRID'S MOST FAMOUS HAUNTED HOUSE	https://youtu.be/dN-TX1G6KFM
Relatos al Oído	31000	121	20251002	DUÉRMETE los SECRETOS y LEYENDAS que la Iglesia ocultó	https://youtu.be/CegtTghvZBU
Relatos al Oído	31000	42	20251002	The Child Protected by the Virgin | True Story | Basilica of Guadalupe | Mexico	https://youtu.be/zEO3ez5U_yk
Relatos al Oído	30000	104	20260502	GO TO SLEEP WITH THE POOREST NEIGHBORHOODS OF ANCIENT SPAIN | TRUE STORIES	https://youtu.be/IKoymtpM2XY
Relatos al Oído	30000	65	20251002	BIG FOOT | El origen de la LEYENDA	https://youtu.be/RSJYfkzikyk
Relatos al Oído	28000	149	20251102	🕯️ Duérmete con las Leyendas Más Misteriosas de España | RELATOS AL OÍDO	https://youtu.be/rLBQHrjsmDI
Relatos al Oído	28000	121	20251002	DUÉRMETE CON Historias Reales de ANDALUCÍA que no conocías | RELATOS AL OÍDO	https://youtu.be/npf_D4obXB0
Relatos al Oído	28000	48	20251002	THE ROOSTER THE DEVIL: The Dark Legend of Saint Gabriel	https://youtu.be/xi7r-NsiLu4
Relatos al Oído	27000	53	20251002	| EL PAPA SYLVESTER SEGUNDO | ¿PACTO REALMENTE CON EL DIABBLO? |	https://youtu.be/0z-BGO0wilA
Relatos al Oído	26000	81	20260802	FALL ASLEEP TO THE GREATEST LIARS IN SPANISH HISTORY | TRUE STORIES	https://youtu.be/3S3Uv7dZUJo
Relatos al Oído	26000	39	20251002	El CASO REAL de la Niña que DURMIÓ 10 Años: Sin Explicación, Sin Respuestas	https://youtu.be/krOrUIRAQWU
Relatos al Oído	25000	88	20260904	FALL ASLEEP TO THE HIDDEN HISTORY OF L'HOSPITALET | MYSTERIES AND LEGENDS OF SPAIN	https://youtu.be/6hUbEnxQ6qU
Relatos al Oído	25000	91	20260802	FALL ASLEEP TO THE MYSTERIES AND LEGENDS OF COVADONGA | HISTORY OF SPAIN	https://youtu.be/2yNCl5DSTDw
Relatos al Oído	25000	73	20260402	🔴SLEEP TO THE TRUE STORY OF THE STRANGEST CASTLE IN SPAIN | MYTHS AND LEGENDS OF SPAIN	https://youtu.be/2cmzAy9bahQ
Relatos al Oído	25000	115	20251102	🔴Fall Asleep to the Forgotten Secrets and Legends of Spain	https://youtu.be/TNkxKxad0z8
Relatos al Oído	24000	100	20251002	🔴 FALL ASLEEP to Real Stories from Spain you didn't know | WHISPERED TALES	https://youtu.be/MGFopZy8GE8
Relatos al Oído	24000	122	20251002	INCESTO, PODER y HEREJÍA: La Maldición de los Farnesio – DOCUMENTAL COMPLETO	https://youtu.be/LwMUzCFU_Yg
Relatos al Oído	24000	65	20251002	Los HOMBRES MAÍZ y la extraña historia de LEYNDA MAYA	https://youtu.be/4yjMGbpotoc
Relatos al Oído	23000	88	20260911	Go to sleep with the untold story of Vallecas | Mysteries and Legends of Spain	https://youtu.be/I36bIbBnAGk
Relatos al Oído	23000	87	20260902	FALL ASLEEP TO THE MYTHS AND LEGENDS OF MADRID'S RETIRO PARK THAT NO ONE KNOWS	https://youtu.be/p3aeEjhYbhI
Relatos al Oído	23000	113	20251102	🕯️FALL ASLEEP to SPANISH MYSTERIES and LEGENDS few people know | RELATOS AL OÍDO	https://youtu.be/aic8u40YnbI
Relatos al Oído	22000	63	20251002	INNOCENT VIII: The BLOODTHIRSTY WITCH Hunt Begins	https://youtu.be/sdRQIDhYrxU
Relatos al Oído	22000	65	20251002	EL JUICIO AL CADAVER PONTIFICE | EL PAPA FORMOSO | HISTORIA REAL	https://youtu.be/919aRP8H_ww
Relatos al Oído	21000	82	20260602	Go to sleep with Spain's greatest forgotten tragedies | True stories	https://youtu.be/75CXn5WUpwM
Relatos al Oído	21000	90	20260502	Go to sleep with the darkest stories of the Spanish Civil War | You didn't know	https://youtu.be/UpHMGbbjNyQ
Relatos al Oído	20000	94	20260602	SLEEP TO THE HIDDEN HISTORY OF SPAIN'S STOLEN BABIES | TRUE STORIES	https://youtu.be/YsUv5tWNMCI
Relatos al Oído	20000	70	20260302	🔴 48 CONFESSED MURDERS, NECROPHILIA, AND A SPAIN THAT PREFERRED TO FORGET | The country's greates...	https://youtu.be/vnforUelP3I
Relatos al Oído	20000	120	20251002	Los Borgia: la familia maldita que dominó el Vaticano DOCUMENTAL COMPLETO	https://youtu.be/qtpQd09NPNs
Relatos al Oído	20000	38	20251002	NERO: The Tyrant Who KILLED His Family and BURNED Rome	https://youtu.be/hk6khk-HOaA
Relatos al Oído	20000	45	20251002	JACK EL DESTRIPADOR: ¿Un PRINCIPE Protegido por el PODER?	https://youtu.be/I7EiNrVaKL8
Relatos al Oído	20000	49	20251002	Mu: The Lost Civilization of the Pacific - Myth, Mystery, and Reality	https://youtu.be/TJ95Lb8DK88
Relatos al Oído	19000	94	20260919	FALL ASLEEP TO THE UNTOLD STORY OF TENERIFE | MYSTERIES AND LEGENDS OF SPAIN	https://youtu.be/QSPPbBBPG4s
Relatos al Oído	19000	72	20260802	GO TO SLEEP WITH THE CRIMES THAT SPAIN NEVER SOLVED | REAL CASES	https://youtu.be/AXqYvMd7fbY
Relatos al Oído	19000	80	20260602	THE DARKEST STORIES FROM SPANISH PRISONS | TRUE STORIES	https://youtu.be/H8ibwpmQpt8
Relatos al Oído	19000	502	20251102	🕯️DUÉRMETE con las HISTORIAS REALES y LEYENDAS de ESPAÑA Más Fascinantes – Recopilación de la Semana	https://youtu.be/3VI1ef7aAco
Relatos al Oído	19000	89	20251002	FALL ASLEEP to REAL STORIES of DARK MAGIC in Spain	https://youtu.be/hupVWAXrNJw
Relatos al Oído	18000	91	20260923	Go to sleep with the untold story of Horta | Mysteries and Legends of Barcelona	https://youtu.be/LfddXE5kKBY
Relatos al Oído	18000	101	20260902	FALL ASLEEP TO THE UNTOLD STORIES OF CEUTA: MYTHS AND LEGENDS | HISTORY OF SPAIN	https://youtu.be/cheU3Rr6pQk
Relatos al Oído	18000	90	20260902	FALL ASLEEP TO THE TRUE HISTORY OF THE POBLET MONASTERY | THE TOMB OF THE KINGS OF ARAGON	https://youtu.be/Jzxd9g97PxY
Relatos al Oído	18000	76	20260602	FALL ASLEEP: 4 TRUE STORIES FROM SPAIN THAT FEW PEOPLE KNOW | HISTORY OF SPAIN	https://youtu.be/fYFJ_CvQXjA
Relatos al Oído	18000	115	20241002	🎧 AUDIO CUENTO🎧 | 🕯️ LA CAPILLA DE LOS HEREJES 🕯️ | SECRETOS DEL VATICANO |	https://youtu.be/T7S5UpJz_r0
Relatos al Oído	17000	88	20260911	FALL ASLEEP TO THE UNTOLD HISTORY OF BILBAO | MYSTERIES AND LEGENDS OF SPAIN	https://youtu.be/Paz8OqPzUHI
Relatos al Oído	17000	93	20260902	FALL ASLEEP TO THE MYSTERIES AND LEGENDS OF CARTAGENA | THE HISTORY NO ONE KNOWS	https://youtu.be/84qe3G03Gjs
Relatos al Oído	17000	88	20260902	Go to sleep with the myths and legends of El Rastro in Madrid | that nobody knows	https://youtu.be/BgGBz7L6g6w
Relatos al Oído	17000	60	20260502	Go to sleep with the lost monastery in Galicia that no one knows about | Mysteries and Legends of...	https://youtu.be/61Hd__sGT7w
Relatos al Oído	17000	64	20251002	Cornelius Jansen | THE CANNIBAL BISHOP | The Dark History the Church Hides	https://youtu.be/7Ab8UoLmbrI
Relatos al Oído	17000	57	20251002	Leyenda Negra de MÚNICH | La Catedral del DIABLO	https://youtu.be/fm8bpmMzoUY
Relatos al Oído	17000	59	20251002	THE LEGEND OF EL SILBÓN: The Vengeful Spirit of the Venezuelan and Colombian Plains	https://youtu.be/_Rh0UIZK2L4
Relatos al Oído	17000	71	20251002	LAS PROFECIAS AZTECAS QUE PREDICEN EL FIN DEL MUNDO	https://youtu.be/DzefuweadOw
Relatos al Oído	16000	104	20260802	FALL ASLEEP WITH TIBIDABO: CASINOS, WITCHES, AND BARCELONA LEGENDS	https://youtu.be/HVIV0t2KREw
Relatos al Oído	16000	84	20260702	SLEEP WITH TRASMOZ, THE ONLY CURSED AND EXCOMMUNICATED TOWN IN SPAIN | What really caused it?	https://youtu.be/vYsrOaQ-p0g
Relatos al Oído	16000	79	20251002	FALL ASLEEP to the HIDDEN STORIES of SPAIN'S CASTLES	https://youtu.be/FvGBWeWIaZw
Relatos al Oído	16000	51	20251002	El Papa que Selló su Propia Tumba | SECRETOS DEL VATICANO	https://youtu.be/QCqLs4zYb8U
Relatos al Oído	15000	82	20260702	FALL ASLEEP TO THE TRUE CRIMES THAT STAINED THE SPANISH TRANSITION | TRUE STORIES	https://youtu.be/M7QXQfLLRjY
Relatos al Oído	15000	77	20260602	Go to sleep with the darkest religious cases in Spain | True stories	https://youtu.be/u6iSsTazVXw
Relatos al Oído	15000	97	20251102	Fall Asleep to True Stories from Spain You Didn't Know | Whispered Tales	https://youtu.be/i6XU-HkUdV8
Relatos al Oído	15000	30	20251002	The Curse of the 1268 Conclave: Three Years of Confinement, Hunger, and Delirium	https://youtu.be/LP52HhUIYis
Relatos al Oído	15000	42	20251002	ISABEL LA CATÓLICA: SANTA o DÉSPOTA, la Reina de la Sangre y el Hierro	https://youtu.be/N8Iku0xiPMs
Relatos al Oído	15000	57	20251002	Nazi en la Antártida: Bases Subterráneas y Tecnología Perdida	https://youtu.be/hiFyAwDk43U
Relatos al Oído	14000	91	20260802	SLEEP TO THE HISTORY, MYSTERIES, AND LEGENDS OF GUADALUPE	https://youtu.be/TfJiRU4GbuE
Relatos al Oído	14000	98	20260702	Go to sleep with the hidden history of the Sagrada Familia and Gaudí | that you didn't know	https://youtu.be/Cp-er7usEXQ
Relatos al Oído	14000	80	20260402	🔴FALL ASLEEP TO THE TRUE HISTORY AND LEGENDS OF SANTIAGO DE COMPOSTELA YOU DIDN'T KNOW	https://youtu.be/oF6KuPjS49M
Relatos al Oído	14000	45	20251002	THE WANDERING BISHOP | Legend of the Guadalajara Cathedral	https://youtu.be/Oi1AAre75-Y
Relatos al Oído	13000	75	20260802	FALL ASLEEP TO SPAIN'S BIGGEST JUDICIAL MISTAKES | TRUE STORIES	https://youtu.be/9BqP545KVcE
Relatos al Oído	13000	47	20251002	THE LAST VIKING QUEEN: Power, Betrayal, and Massacre, The TRUE Story of Freydís	https://youtu.be/ECkHY5VL2Ao
Relatos al Oído	13000	35	20251002	JUSTINIANO II: El Emperador MUTILADO y su VENGANZA Sangrienta	https://youtu.be/Fs5JhCZJ8Gc
Relatos al Oído	13000	60	20251002	The Stairway to Hell: The Darkest Secrets of the Vatican	https://youtu.be/p-kuEPO0zhY
Relatos al Oído	13000	70	20251002	ROBERTO COFRESÍ - Spain | The pirate who changed the history of Puerto Rico	https://youtu.be/EaHbpGUn6Qg
Relatos al Oído	13000	95	20241002	🎧TRES DÍAS DE OSCURIDAD🎧 | ⏳ LA PROFECIA SE CUMPLE ⏳ | PROFECÍA DEL VATICANO |	https://youtu.be/TUN0S7HVD90
Relatos al Oído	12000	86	20260918	SLEEP WITH THE GIRONA THAT NO ONE KNOWS | MYSTERIES AND LEGENDS OF SPAIN	https://youtu.be/OiYTzZIJPmE
Relatos al Oído	12000	96	20251202	FALL ASLEEP to FORGOTTEN SPANISH LEGENDS you didn't know | WHISPERED TALES	https://youtu.be/qKU9zsiEPm0
Relatos al Oído	12000	123	20251102	🔴 DUÉRMETE con la Mitología Española: dioses, demonios y seres mágicos | RELATOS AL OÍDO	https://youtu.be/V3a1PDBxxJA
Relatos al Oído	12000	103	20251002	🕯️DUÉRMETE con HISTORIAS REALES y LEYENDAS de la Mancha | RELATOS AL OÍDO	https://youtu.be/_obAC8--qDE
Relatos al Oído	12000	102	20251002	🔴 FALL ASLEEP to the stories of the FORGOTTEN Peoples of Spain	https://youtu.be/zVBzGZjzSsU
Relatos al Oído	12000	81	20251002	DUÉRMETE con las HISTORIAS OCULTAS de los CASTILLOS de ESPAÑA	https://youtu.be/WHG4cCWuyuc
Relatos al Oído	12000	44	20251002	🔥 TIBERIO: DEPRAVACIÓN SEXUAL, ORGÍAS CON JÓVENES Y PARANOIA IMPERIAL 🔥	https://youtu.be/PQAc7r5lgeQ
Relatos al Oído	12000	79	20251002	LA CUEVA DEL DIABLO : La leyenda que aterroriza a una nación entera	https://youtu.be/qDIXgxV4u1U
Relatos al Oído	11000	77	20260929	FALL ASLEEP TO 4 CRIMES THAT MARKED SPAIN'S HISTORY | TRUE CASES	https://youtu.be/B_dLFuQ-PNo
Relatos al Oído	11000	89	20260927	FALL ASLEEP TO THE HIDDEN HISTORY OF LUGO | MYSTERIES AND LEGENDS OF SPAIN	https://youtu.be/bPTZWLWZJf8
Relatos al Oído	11000	87	20260702	FALL ASLEEP TO THE CASTLE OF CARDONA AND THE DARKEST LEGEND IN CATALONIA	https://youtu.be/BUuaMSbJ4B0
Relatos al Oído	11000	73	20260602	FALL ASLEEP TO THE MOST UNKNOWN STORY OF THE SPANISH CIVIL WAR | TRUE STORIES	https://youtu.be/Nv4-prJZjX4
Relatos al Oído	11000	79	20260402	Fall asleep to the island of Tabarca and its darkest stories | Pirates, slaves, and mysteries	https://youtu.be/jVPP1-gMpi0
Relatos al Oído	11000	83	20260402	FALL ASLEEP TO THE HIDDEN MOUNTAIN MONASTERY IN SPAIN THAT NO ONE CAN EXPLAIN	https://youtu.be/XJ2w5d9jk2Q
Relatos al Oído	11000	106	20251202	DUÉRMETE con las LEYENDAS de EUROPA que no Conocías | RELATOS AL OÍDO	https://youtu.be/pZuOuJHIWk4
Relatos al Oído	11000	35	20251002	ISABEL BATHORY: La MAYOR TORTURADORA de la HISTOTIA	https://youtu.be/XhGxfR8vhg0
Relatos al Oído	11000	64	20251002	The Pied Piper of Hamelin: The Untold Dark Story	https://youtu.be/CrjNcLUgErk
Relatos al Oído	10000	89	20260925	FALL ASLEEP TO THE HIDDEN HISTORY OF LAVAPIÉS | MYSTERIES AND LEGENDS OF MADRID	https://youtu.be/am948RSMtG0
Relatos al Oído	10000	90	20260502	Go to sleep with the darkest exorcisms in Spain | Real cases that no one knows about	https://youtu.be/hIySlb8Y3gg
Relatos al Oído	10000	150	20251002	10 HISTORIAS de la GUERRA CIVIL Española QUE NO CONOCIAS.	https://youtu.be/1FkqFULWji4
Relatos al Oído	10000	21	20251002	Nadie Sabe Qué Pasó Aquí: El Inexplicable Caso de Anjikuni	https://youtu.be/f0eOetVcqng
Relatos al Oído	10000	58	20251002	La MONJA Sin ROSTRO: La Leyenda que Aterrorizó EUROPA	https://youtu.be/rgrJ0G3dqi0
Relatos al Oído	9800	102	20260918	WHISPERS TO THE EAR	https://youtu.be/n5QHPeK4dtc
Relatos al Oído	9600	63	20251002	| 🐲  LA SERPIENTE MAYA DE ITZAMNAJ 🐲 | 🎧 LEYENDAS MAYAS 🎧 |	https://youtu.be/4oXEt3V9Y5Y
Relatos al Oído	9400	93	20260902	Go to sleep with the true story of February 23rd and the coup that paralyzed Spain | True Story	https://youtu.be/jeWpQJ3q0BI
Relatos al Oído	9300	89	20260902	Go to sleep with the true story of the Sacromonte of Granada | What no one knows	https://youtu.be/nud0oK9nd8Q
Relatos al Oído	9300	80	20260602	DUÉRMETE CON LA HISTORIA OCULTA DEL ESTRAPERLO EN ESPAÑA | HISTORIAS REALES	https://youtu.be/W7cCXCMHqrM
Relatos al Oído	9300	77	20251102	🔴Fall Asleep to TRUE SEA STORIES: Pirates, Tsunamis, and SPANISH ENIGMAS | WHISPERED TALES	https://youtu.be/UNgP8TI0yOQ
Relatos al Oído	9200	81	20260802	FALL ASLEEP TO REPUBLICAN SPAIN AND ITS DARKEST STORIES | TRUE STORIES	https://youtu.be/XVVZd6N3v2c
Relatos al Oído	9200	103	20260402	WHAT REALLY HAPPENED IN ZUGARRAMURDI IN 1610? SPAIN'S BIGGEST WITCHCRAFT TRIAL	https://youtu.be/aP04LpQHo5M
Relatos al Oído	8900	123	20260102	🔴DUÉRMETE CON LOS MISTERIOS Y LUGARES QUE NADIE SABE EXPLICAR	https://youtu.be/YXdgHMa0CaU
Relatos al Oído	8900	51	20251002	LEONARDO DA VINCI: El Genio Prohibido y Sus Secretos Perdidos	https://youtu.be/K3sy8XoYTIU
Relatos al Oído	8800	121	20251002	🕯️Duérmete con las HISTORIAS MÁS OSCURAS de la Inquisición Española	https://youtu.be/BWUsko38j8o
Relatos al Oído	8800	79	20251002	Fall asleep to the STORIES and LEGENDS of lost TREASURES in Spain	https://youtu.be/PTQF8ZIIgQU
Relatos al Oído	8800	48	20251002	ROME WILL BE THE DEVIL'S HEADQUARTERS | The Prophecy of the Third Secret of La Salette	https://youtu.be/GVG_u6JsZh8
Relatos al Oído	8700	90	20260902	Fall asleep to the story of Peñíscola and Pope Luna | Myths and Legends of Spain	https://youtu.be/fxWk-1CPchs
Relatos al Oído	8400	105	20260802	FALL ASLEEP WITH RONDA, THE MOST MYSTERIOUS CITY IN SPAIN | HISTORY OF SPAIN	https://youtu.be/PqvW4sJ8-mg
Relatos al Oído	8400	56	20251002	¿Los Hermanos de SANGRE de Jesús? La Verdad Oculta | Secretos de la Biblia	https://youtu.be/kCUPImbdjdQ
Relatos al Oído	8300	100	20251002	La REINA Niña FORZADA a Casarse a los 6 AÑOS:  ISABEL DE FRANCIA (Documental Completo)	https://youtu.be/xlOYFVDZgqM
Relatos al Oído	8200	91	20260921	SLEEP WITH ALMADÉN: 2,000 YEARS BENEATH SPAIN'S MOST FEARED MINE | TRUE HISTORY	https://youtu.be/03pS5hoR1K8
Relatos al Oído	8100	78	20260302	🔴WHAT HAPPENED IN OCHATE? SPAIN'S Cursed Village	https://youtu.be/XiwPCs79Se8
Relatos al Oído	8000	97	20260902	Go to sleep with the true story of the Falange | History of Spain	https://youtu.be/7upED7x7-q8
Relatos al Oído	7800	93	20260802	FALL ASLEEP TO SEGOVIA AND ITS GREAT MYSTERIES AND LEGENDS | HISTORY OF SPAIN	https://youtu.be/n837jXp3pB8
Relatos al Oído	7700	36	20251002	MARÍA I:  HOGUERAS HUMANAS, HEREJES CALCINADOS Y UNA REINA CONSUMIDA POR EL FANATISMO	https://youtu.be/gXoNt-UDDs4
Relatos al Oído	7200	83	20260802	FALL ASLEEP WITH THE FORGOTTEN CITY OF THE LEPERS IN SPAIN | TRUE STORY	https://youtu.be/Jtb9sjj7FDE
Relatos al Oído	7200	75	20260702	FALL ASLEEP TO THE DARKEST STORIES OF TERRORISM IN SPAIN | TRUE STORIES	https://youtu.be/V08Xh18WR3g
Relatos al Oído	7200	141	20260202	🔴ESPAÑA 1940 LA POSGUERRA EN LOS PUEBLOS: : hambre, trabajo y silencio tras la guerra	https://youtu.be/EOjkYwONy8A
Relatos al Oído	7100	71	20260402	🔴FALL ASLEEP to the HIDDEN HISTORY and LEGENDS of GRANADA and the ALHAMBRA	https://youtu.be/Y3pTtPZz1u8
Relatos al Oído	7100	48	20251002	El Misterio del Cráneo de Cristal: Lubaantun Despierta	https://youtu.be/fPtPtBOAkyU
Relatos al Oído	7000	59	20251002	ROGER BACON | MONJE CIENTÍFICO QUE PREDIJO EL FUTURO GRACIAS A LA CIENCIA | secretos de la iglesia	https://youtu.be/Iy3Bit_DZIY
Relatos al Oído	6900	89	20260902	FALL ASLEEP TO THE MYTHS AND LEGENDS OF CUENCA | THE STORY NO ONE KNOWS	https://youtu.be/riJw9qGu8vg
Relatos al Oído	6800	86	20260702	Fall asleep to the history and legends of Las Médulas, the mountain that Rome destroyed | True St...	https://youtu.be/DH58pylTBxc
Relatos al Oído	6800	129	20260102	🔴DUÉRMETE con las Historias Más Inquietantes del Mundo	https://youtu.be/AeftRTJ_RKc
Relatos al Oído	6700	85	20251002	🔴 FALL ASLEEP TO FORGOTTEN STORIES OF SPANIARDS AROUND THE WORLD	https://youtu.be/e3DW6rNi068
Relatos al Oído	6700	120	20251002	DUÉRMETE con HISTORIAS REALES de los PRIMEROS OVNIS DOCUMENTADOS de la Historia	https://youtu.be/nEsk9CsbLgM
Relatos al Oído	6700	80	20251002	THE BLACK-EYED CHILDREN | Real horror legend	https://youtu.be/UZi00T16FlY
Relatos al Oído	6600	83	20260802	Go to sleep with the great secrets of the Valley of the Fallen | True Stories	https://youtu.be/DL8Y2uM-5ZI
Relatos al Oído	6500	92	20260602	GO TO SLEEP WITH THE LARGEST EXILE IN SPANISH HISTORY | HALF A MILLION SPANIARDS FLEEING IN 1939	https://youtu.be/gBMaiEJQnx8
Relatos al Oído	6500	38	20251002	MOHAMED II: Women RAPED, Children ENSLAVED, and BLOOD on the Altars	https://youtu.be/t0je_ulJe64
Relatos al Oído	6500	78	20241002	👧🏻👿 LUCIA | THE INCARNATION OF EVIL 👿👧🏻 | VATICAN SECRETS |	https://youtu.be/S3USIx1bCqY
Relatos al Oído	6300	92	20260402	🔴FALL ASLEEP TO THE HISTORY OF LOARRE CASTLE AND ITS UNKNOWN MEDIEVAL LEGENDS	https://youtu.be/l1BnydHlVHU
Relatos al Oído	6300	30	20251002	JUNANA THE MADMAN: Madness, Betrayal, and OBSESSION with a CORPSE	https://youtu.be/6YsDMLjDewA
Relatos al Oído	6200	88	20260902	FALL ASLEEP TO THE DISASTER OF '98 | The Fall of the Spanish Empire	https://youtu.be/34XUdJUBm0A
Relatos al Oído	6200	96	20251202	FALL ASLEEP to STORIES AND LEGENDS from Spain you DIDN'T KNOW | TALES WHISPERED IN YOUR EAR	https://youtu.be/mSZ8c_4u-cY
Relatos al Oído	6200	64	20251002	El Batallón Fantasma de Verdún: Ecos de los Caídos	https://youtu.be/jPl6dqdRFIk
Relatos al Oído	6100	80	20260702	Fall asleep to the SECRET SPAIN of World War II | Spies, Nazis, and Covert Operations	https://youtu.be/HJ--7TSirgU
Relatos al Oído	6100	89	20251002	WEREWOLF: The Dark Legend of the Lupine Curse	https://youtu.be/rnhEQpaFRwI
Relatos al Oído	6000	79	20260502	DUÉRMETE CON LA TORRE DE HÉRCULES Y EL MISTERIO QUE LLEVA 2.000 AÑOS ENCENDIDO	https://youtu.be/vvbW22FAUUA
Relatos al Oído	6000	109	20251202	SPAIN'S BLACK LEGEND: 7 Manipulated Stories | RELATOS AL OÍDO	https://youtu.be/cKbejj1db5s
Relatos al Oído	6000	45	20251002	Sargon of Akkad: First Emperor in History and his Blood Reign	https://youtu.be/-Wuc-bkrA80
Relatos al Oído	5900	36	20251002	JOAN OF ARC: Chosen by GOD or PRISONER of her own MADNESS	https://youtu.be/iXT88WVVbNo
Relatos al Oído	5800	120	20251002	Lo que NADIE te contó del IMPERIO PORTUGUÉS – DOCUMENTAL COMPLETO y su LEYENDA NEGRA	https://youtu.be/95tXxW111o4
Relatos al Oído	5700	83	20260402	Go to sleep with Belmonte Castle and its darkest stories | that no one knows	https://youtu.be/t_f28uaeJws
Relatos al Oído	5700	59	20241002	LOS NIÑOS TEMPLARIOS : Una Leyenda Verdadera	https://youtu.be/2MDDVWSgXbY
Relatos al Oído	5600	91	20260802	DUÉRMETE CON EL ALCÁZAR DE TOLEDO Y SU HISTORIA REAL	https://youtu.be/SFe-1ysvV_M
Relatos al Oído	5500	38	20251002	HERODES: EL TIRANO QUE DESAFIO A DIOS Y DESTRUYO JUDEA	https://youtu.be/IgqpAJFD8v0
Relatos al Oído	5400	146	20251102	🔴Los 6 ROSTROS Más ENIGMÁTICOS de la Historia de España: Lo que Nunca te Contaron	https://youtu.be/30zEbMtKnDE
Relatos al Oído	5100	87	20260902	FALL ASLEEP TO THE TRUE STORY OF THE 1918 SPANISH FLU | WHAT REALLY HAPPENED	https://youtu.be/axeJ3lZNlSY
Relatos al Oído	5100	92	20260302	🔴OUTLAWS OF SPAIN: Criminals, mobsters, guerrillas, and myths	https://youtu.be/2o1aPXB9yU4
Relatos al Oído	5100	91	20241002	EL SECRETO MAS INQUIETANTE DEL VATICANO	https://youtu.be/UHZyXygXVxo
Relatos al Oído	4900	83	20260402	🔴FALL ASLEEP TO THE STORY OF SAN SIMÓN ISLAND AND SPAIN’S DARKEST HISTORY	https://youtu.be/uMC_jxf37a4
Relatos al Oído	4900	85	20251002	Duérmete con HISTORIAS PROHIBIDAS de las MONARQUÍAS EUROPEAS	https://youtu.be/UwToAyClsfg
Relatos al Oído	4900	43	20251002	The Tetragrammaton Manuscript: The Name That Challenges God	https://youtu.be/NoyJw_fWUy0
Relatos al Oído	4800	92	20260502	DUÉRMETE CON LA HISTORIA QUE NADIE TE CONTÓ DE ALTAMIRA | RELATOS AL OÍDO	https://youtu.be/cRm7ZknFHNQ
Relatos al Oído	4800	26	20251002	ESTO NO ES UNA LEYENDA: LA PESTE QUE DESTROZÓ UN IMPERIO (541 d.C.)	https://youtu.be/ClQhsy3XZKA
Relatos al Oído	4800	37	20251002	TEMPLARS: Brothers in Faith or SECRET HOMOSEXUALS?	https://youtu.be/R2Q_5zG37Nc
Relatos al Oído	4600	54	20251002	The Curse of the Headless Horseman: A Dark Tale	https://youtu.be/h2YjwirKDMk
Relatos al Oído	4500	77	20260302	🔴WAS A WOMAN WALLED UP ALIVE IN THIS HOUSE IN SOUTHERN SPAIN? | TRUE STORY	https://youtu.be/oYfVgVXvv40
Relatos al Oído	4500	70	20251002	La leyenda del Observatorio Astronómico del Vaticano | Specola Vaticana | EL TELESCOPIO DE LUCIFER	https://youtu.be/3GoOhXqZZI4
Relatos al Oído	4400	91	20260302	WHY WERE THERE HUNDREDS OF SUICIDES AT THIS SPANISH HOSPITAL?	https://youtu.be/eCoG6PeyEy8
Relatos al Oído	4400	59	20251002	The Black Monk of Pontefract: The Shadow That Never Rests	https://youtu.be/e-EPGnzQifc
Relatos al Oído	4200	116	20251002	5 TRUE STORIES of hikers who disappeared without a trace	https://youtu.be/r4IpfPXsxcU
Relatos al Oído	4100	89	20261001	DUÉRMETE CON LA HISTORIA QUE NADIE CONOCE DE CÁCERES: MISTERIOS Y LEYENDAS DE ESPAÑA	https://youtu.be/9m2BqNKKw8Q
Relatos al Oído	4100	68	20260402	🔴 FALL ASLEEP TO THE UNKNOWN HISTORY AND LEGENDS OF SAN JUAN DE GAZTELUGATXE	https://youtu.be/nRix2PanCmU
Relatos al Oído	4100	122	20260102	🔴Duérmete con las Historias Reales Más Misteriosas del Mundo	https://youtu.be/w8Y0wDpEFPo
Relatos al Oído	4100	80	20251002	🕯️DUÉRMETE con historias y Leyendas Ocultas de la Iglesia | RELATOS AL OÍDO	https://youtu.be/klaTPrICx4U
Relatos al Oído	4100	38	20251002	¿Qué Se Esconde Bajo VENECIA? SECRETOS Olvidados y LEYENDAS Malditas	https://youtu.be/cC8B8XQcxew
Relatos al Oído	4100	77	20251002	APOCALIPSIS DE SAN JUAN | SECRETOS DE LA BIBLIA	https://youtu.be/AISQ5NMcakc
Relatos al Oído	4000	106	20260202	🔴DUÉRMETE CON EL PASADO PROHIBIDO DEL REINA SOFÍA: ENTRE ENFERMOS, ENTERRAMIENTOS Y MIEDO	https://youtu.be/ii5Ydpt8k_U
Relatos al Oído	3900	129	20260202	🔴 DUÉRMETE CON EL VERDADERO ORIGEN DE ESPAÑA QUE NADIE CONOCE	https://youtu.be/Ek8wsclYlbY
Relatos al Oído	3800	22	20251002	Este Cónclave PODRÍA CAMBIAR la HISTORIA para SIEMPRE	https://youtu.be/_7eefHYgqJU
Relatos al Oído	3800	34	20251002	POL POT: THE BUTCHER OF CAMBODIA – THE FORGOTTEN GENOCIDE	https://youtu.be/tX2LeU91e2o
Relatos al Oído	3800	43	20251002	The Dark Truth of KING SAUL and the WITCH of ENDOR REVEALED!	https://youtu.be/bJVYBHsiDR8
Relatos al Oído	3700	105	20260302	🔴DUÉRMETE CON LOS MISTERIOS DEL BARRANCO DE BADAJOZ | TENEREIFE	https://youtu.be/UbRt-5VhL74
Relatos al Oído	3600	82	20251002	☢ CHERNOBYL ☢ | Hidden Secrets and Mutant Legends |	https://youtu.be/q0c3CjDxe_4
Relatos al Oído	3500	28	20251002	NEOLITHIC HELL: Humanity's greatest INFANTICIDE, the horror of Çatalhöyük.	https://youtu.be/BZg4uy_3osk
Relatos al Oído	3500	43	20251002	THE SILENT PROCESSION | Mystery and Faith at Tepeyac | Legend of the Basilica of Guadalupe	https://youtu.be/jh6wqcvlJ1I
Relatos al Oído	3400	100	20251202	🔴 THE SPANISH BLACK LEGEND YOU DON'T KNOW | RELATOS AL OÍDO	https://youtu.be/uyizrHNpz3o
Relatos al Oído	3400	52	20251002	STONEHEGE | Did the Devil build it?	https://youtu.be/WqZSx-CNO34
Relatos al Oído	3300	123	20251102	HISPANIA ROMANA: Las Historias Más Fascinantes del Imperio Romano en Hispania	https://youtu.be/0TD_MnBaDes
Relatos al Oído	3200	62	20260802	FALL ASLEEP TO THE SPANISH INVENTIONS THAT CHANGED HISTORY | TRUE STORIES	https://youtu.be/besTCHSoRgU
Relatos al Oído	3200	118	20260102	FALL ASLEEP TO THE WORLD'S DARKEST PLACES AND SECRETS	https://youtu.be/SBJULZpgC2Y
Relatos al Oído	3200	55	20251002	AFTER THE GREAT FLOOD | WHAT REALLY HAPPENED?	https://youtu.be/9fZWb2Sa0jg
Relatos al Oído	3100	122	20260202	🔴HISTORIAS REALES QUE LA HISTORIA OFICIAL NO EXPLICA DEL TODO	https://youtu.be/lSi2qiiGiXE
Relatos al Oído	3100	122	20260102	🔴DUÉRMETE CON estos LUGARES y MISTERIOS que NADIE PUEDE EXPLICAR	https://youtu.be/WikXJ7IuatM
Relatos al Oído	3100	130	20251102	🕯️DUÉRMETE con las HISTORIAS más CRUELES del REY más temido de España | RELATOS AL OÍDO	https://youtu.be/2UQ8AvVCD34
Relatos al Oído	3000	67	20251002	TWO SADISTIC LEGENDS OF THE COLOSSEUM THAT EVEN THE EMPERORS DID NOT FORGET	https://youtu.be/6gePeHhLecI
Relatos al Oído	2900	83	20260102	Fall Asleep to the Strangest Stories That Still No One Can Explain	https://youtu.be/SRO7OLRbGVE
Relatos al Oído	2800	46	20251002	La Última Misa de PADRE PIO: Entre el CIELO y el INFIERNO	https://youtu.be/EvUa3ZodpbE
Relatos al Oído	2700	96	20260202	🔴FALL ASLEEP TO THE 5 NOSTRADAMUS PROPHECIES THAT TERRIFIED EUROPE	https://youtu.be/tBKq0Xhxt8s
Relatos al Oído	2700	148	20260102	🔴DUÉRMETE CON las HISTORIAS de la ARMADA INVENCIBLE ESPAÑOLA que NUNCA te CONTARON	https://youtu.be/tdV5McLEcQM
Relatos al Oído	2700	25	20251002	A NUN accused of being a WITCH was BURIED ALIVE by the VATICAN…	https://youtu.be/kenLOdFCUJs
Relatos al Oído	2700	35	20251002	PATA SECA: El Hombre Forzado a Tener MÁS DE 200 HIJOS Sin Amor	https://youtu.be/8K_Hy_sNM4A
Relatos al Oído	2700	70	20251002	LEMURIA | A Civilization That Defied Time	https://youtu.be/oQKbAKjvRVA
Relatos al Oído	2600	142	20251202	🔴 DÉRMETE CON la LEYENDA NEGRA de JUANA LA LOCA QUE NADIE CONOCE | Relatos al oído	https://youtu.be/Np-pAJwV1lU
Relatos al Oído	2600	50	20251002	INDIOS HOPI y los REPTILIANOS  |  SU CONEXION SECRETA	https://youtu.be/Z1ML3Sb06yk
Relatos al Oído	2500	135	20260202	🔴DUÉRMETE CON MISTERIOS ANTIGUOS REALES QUE SIGUEN SIN RESPUESTA	https://youtu.be/2UIQW4d8k_w
Relatos al Oído	2500	51	20251002	La Versión Oscura de BARBA AZUL que Nadie Quería que Conocieras	https://youtu.be/ItigGI5L58k
Relatos al Oído	2400	89	20260902	Spain vs. England | What Really Happened to the Spanish Armada	https://youtu.be/wxOB0jANIZA
Relatos al Oído	2200	34	20251002	75 Años Sin Descomponerse: El misterio del Lama Itigilov	https://youtu.be/8MWFqab0cdc
Relatos al Oído	2100	77	20251002	🔴 Duérmete con LEYENDAS de DON QUIJOTE DE LA MANCHA | RELATOS AL OÍDO	https://youtu.be/duFkuCxJ8_4
Relatos al Oído	2000	76	20260402	🔴The OLDEST BUILDING in the RAVAL… and almost NO ONE knows its TRUE HISTORY	https://youtu.be/XhVJa1s4nJg
Relatos al Oído	1900	36	20251002	QIN SHI HUANG : Quemó Libros, Mató Sabios y Bebió Mercurio: La Historia del Emperador Más Temido	https://youtu.be/wJuXasoOODE
Relatos al Oído	1800	67	20260402	🔴FALL ASLEEP TO THE LEGEND OF THE LOST TREASURE OF DON RODRIGO, the last VISIGOTH KING	https://youtu.be/WYdvp2pcG0o
Relatos al Oído	1800	126	20251202	DUÉRMETE con las HISTORIAS MÁS OSCURAS de la CONQUISTA DE AMÉRICA | RELATOS AL OÍDO	https://youtu.be/lc5YHoWIbco
Relatos al Oído	1800	53	20251002	RITUALES DE SANGRE: Los Peores Castigos Aztecas y Mayas	https://youtu.be/ovS4_i-M-4Q
Relatos al Oído	1800	63	20251002	La Leyenda de los Hombres Sombra y el Hombre del Sombrero	https://youtu.be/EUXUOKkdwD8
Relatos al Oído	1700	99	20251002	¿QUÉ HISTORIAS ESCONDEN LOS TÚNELES DEL CASTILLO DE BUDA… DONDE ENCARCELARON A DRÁCULA?	https://youtu.be/yrLzApV4lhM
Relatos al Oído	1700	33	20251002	¡LA DESENTERRARON Y LA SENTARON EN EL TRONO! La Reina MUERTA a la que Todos Besaron la Mano	https://youtu.be/IpCVtNCip2E
Relatos al Oído	1600	109	20260302	🔴DUÉRMETE CON EL ENIGMA HUMANO ESCONDIDO EN NUESTRA SANGRE	https://youtu.be/pX0QH92H7JY
Relatos al Oído	1600	33	20251002	When the Devil Entered the Conclave: The Story the Vatican Hides	https://youtu.be/Hd1EpYY8sxY
Relatos al Oído	1600	77	20251002	El SECRETO de la MUJER Neandertal Congelada en el TIEMPO	https://youtu.be/2xxLexThRIk
Relatos al Oído	1600	49	20251002	EL PORTAL ESTELAR DE TULUM: Los Secretos Mayas que Conectan con los Seres de las Estrellas	https://youtu.be/hOjnEK082S4
Relatos al Oído	1600	68	20251002	FROZEN CIVILIZATION IN ANTARCTICA	https://youtu.be/f5O4BRWmBJo
Relatos al Oído	1500	43	20241002	LA LEYENDA | 🏰🎧 LA MONJA DE BORLEY 🎧🏰	https://youtu.be/s8F9RzEFypE
Relatos al Oído	1400	120	20260302	🔴LOS GALEONES QUE ATERRORIZARON EL MUNDO | Ingeniería secreta del imperio español	https://youtu.be/BB4-euNNm2c
Relatos al Oído	1400	107	20260202	🔴FALL ASLEEP TO REAL ARCHAEOLOGICAL MYSTERIES THAT NO ONE CAN EXPLAIN	https://youtu.be/DUpexR75sKc
Relatos al Oído	1400	62	20251002	ESTA FAMILIA CONTROLA TU VIDA… Y NI SIQUIERA SABES QUIÉNES SON	https://youtu.be/QYtSVg25m_c
Relatos al Oído	1400	29	20251002	The TRUE STORY of the Cat That Escaped the TITANIC	https://youtu.be/XpmjCm3dxoY
Relatos al Oído	1400	59	20251002	EL FLOJO | La Versión que te Hará Cambiar de Opinión	https://youtu.be/SScMRS6d7vQ
Relatos al Oído	1300	50	20251002	🎧🕯️THE MAP OF THE ABYSS🕯️🎧: The Cursed COSMIC Secret of the Templars	https://youtu.be/jzK2yag7toE
Relatos al Oído	1300	31	20251002	SAINT or WITCH: The Mystery of the Virgin Mary	https://youtu.be/zyHcU3jJ2Ws
Relatos al Oído	1300	44	20241002	THE LEGEND | 🎧👗 THE LADY IN RED OF THE CARPATHIANS 👗🎧	https://youtu.be/ImWgOvDsBec
Relatos al Oído	1200	121	20251002	LOS HEREDEROS DE HERNÁN CORTÉS: LA DINASTÍA DE NUEVA ESPAÑA	https://youtu.be/ZZMz_Qx2ieU
Relatos al Oído	1200	53	20251002	Jesucristo en el INFIERNO: La Liberación de los Justos	https://youtu.be/NE2QS8eNk1k
Relatos al Oído	1100	24	20251002	The SERPENT GOSPEL: The CURSED TEXT NEVER REVEALED	https://youtu.be/Iyz9_wOnFjg
Relatos al Oído	1000	58	20251002	The Miracle of Earth: Why Did GOD Choose EARTH?	https://youtu.be/VNJkK1T14dg
Relatos al Oído	985	31	20251002	El Camino al Cielo Estaba Lleno de Dolor: Esta Historia Te Hará Llorar	https://youtu.be/Mmq79Jcv3Jo
Relatos al Oído	963	52	20241002	THE LEGEND | 🐟👤 THE FISH-MAN OF LIÉRGANES 👤🐟	https://youtu.be/0XuBarHvj10
Relatos al Oído	956	103	20251002	REINAS AFRICANAS: La Historia Oculta de las Devora-Hombres, Sexo, Sangre y Poder Absoluto	https://youtu.be/VrDADay8s90
Relatos al Oído	896	34	20251002	Los SECRETOS más MACABROS de BENJAMIN FRANKLIN	https://youtu.be/XOeAQvBhGsw
Relatos al Oído	770	62	20251002	LA CIUDAD QUE BAILÓ HASTA LA MUERTE | LA EPIDEMIA MÁS INQUIETANTE DE LA HISTORIA ¿QUÉ PASÓ EN 1518?	https://youtu.be/IlNN5wbgPSc
Relatos al Oído	637	40	20241002	2 LEGENDS | 🕯️ THE EXORCISM OF ANNELIESE 🕯️ | AND | 🔍 THE UNSOLVED CASE OF THE SOMOSIERRA BOY 🔍	https://youtu.be/ecXyowtcc5k
Grandes Relatos para Dormir	475000	38	20260502	The Entire History of the Romani People: The People Who Survived Everything | Full Documentary	https://youtu.be/GsNDo1_RQOE
Grandes Relatos para Dormir	209000	37	20260602	The Enigma of the Basques: The Ancient People No Empire Could Erase from the Map	https://youtu.be/ihgr3pZiCdw
Grandes Relatos para Dormir	183000	32	20260602	The Entire History of the Roma in Andalusia: From India to Flamenco | Full Documentary	https://youtu.be/AHjlbhrLHcY
Grandes Relatos para Dormir	183000	38	20260502	Camino de Santiago: 1,200 Years of Faith, Culture, and Human Transformation | Documentary	https://youtu.be/XLIu6OW72T8
Grandes Relatos para Dormir	127000	36	20260402	The Alhambra: Islam's Last Paradise in the West | Full Documentary	https://youtu.be/57ulnd_cYJU
Grandes Relatos para Dormir	103000	34	20260802	Cadiz: The Oldest City in the West That Survived 3,000 Years	https://youtu.be/LUKFwJ-divg
Grandes Relatos para Dormir	103000	69	20260302	The Complete History of the AMISH Explained | The Community That Rejected Modernity	https://youtu.be/FgcTPu6buhA
Grandes Relatos para Dormir	87000	39	20260902	Who Were the Visigoths: The Complete History of the Kingdom That Forged Spain	https://youtu.be/BdibaP-rPr4
Grandes Relatos para Dormir	70000	35	20260702	Bilbao: The Miracle of the City That Defied History | Full Documentary	https://youtu.be/X3YeFBg0BeQ
Grandes Relatos para Dormir	68000	34	20260602	The Sephardic Diaspora: The Jews Who Never Forgot Spain | Full History	https://youtu.be/k3zYI-J9BH0
Grandes Relatos para Dormir	61000	30	20260502	Who Are the Sephardic Jews? The Story of the Jewish People Who Never Forgot Spain	https://youtu.be/LrRSVrIw-c8
Grandes Relatos para Dormir	57000	32	20260502	Flamenco: The Complete History of the Art Born from Gypsy Pain that Conquered the World	https://youtu.be/FRwz0NdW3hI
Grandes Relatos para Dormir	39000	30	20260502	The Entire History of Barcelona | From Roman Colony to Global Metropolis (Full Documentary)	https://youtu.be/VrfweaNkTB8
Grandes Relatos para Dormir	37000	35	20260502	What It Was Like to Live in Málaga in 1487 | The Secrets History Hid	https://youtu.be/HdIZaIyb4GM
Grandes Relatos para Dormir	35000	28	20260402	El Torcal de Antequera: Andalusia's 150-Million-Year-Old Stone Labyrinth	https://youtu.be/omJ7r-ArXZk
Grandes Relatos para Dormir	28000	40	20260702	Medina Azahara: Al-Andalus's Greatest Dream (and Tragedy)	https://youtu.be/qJpKMqN-qT0
Grandes Relatos para Dormir	28000	28	20260402	Complete History of TORO (Zamora): From the Reconquista to Modernity | Documentary	https://youtu.be/qQdnlLXOIt4
Grandes Relatos para Dormir	26000	38	20260911	The Forgotten History of Sefarad: Jews in Spain Before 1492 (Documentary)	https://youtu.be/2k8WBa45qCE
Grandes Relatos para Dormir	23000	34	20260402	The Mystery of Tibidabo: 120 Years of History, Legend, and Memory at the Peak of Barcelona	https://youtu.be/XrVf2RWgjNo
Grandes Relatos para Dormir	19000	35	20260802	The Secret of the Templars in Spain: What They Never Told You	https://youtu.be/g2yfzIg6KA0
Grandes Relatos para Dormir	19000	30	20260502	How the Seville Fair Was Born: The Complete History from Its Origins to Today	https://youtu.be/n54QEwuqIM8
Grandes Relatos para Dormir	18000	29	20260902	AGOTES: The Cursed People of the Pyrenees That History Tried to Erase	https://youtu.be/s9_bvb5WIvI
Grandes Relatos para Dormir	17000	34	20260602	Who Are the Pasiegos Really? The Isolated People No One Can Explain	https://youtu.be/XGn38KhMIRc
Grandes Relatos para Dormir	14000	32	20260802	The Full History of the Cathars: The People Who Challenged the Church and Vanished	https://youtu.be/Hy1BT2DcuXY
Grandes Relatos para Dormir	14000	33	20260602	The Full History of the Moriscos: The People Spain Tried to Erase Forever	https://youtu.be/KzpddJH4u1c
Grandes Relatos para Dormir	12000	36	20260502	La Alhambra: La Maldición del Último Rey Moro que Granada No Puede Olvidar	https://youtu.be/S7OKzXnHHaw
Grandes Relatos para Dormir	10000	30	20260702	Shearith Israel: The Sephardic Legacy That Founded North America's First Synagogue in Manhattan	https://youtu.be/KPOBwOBp4m4
Grandes Relatos para Dormir	7900	36	20260502	Mont-Saint-Michel: The Suspended Abbey That Defied Kings, Tides, and the History of France	https://youtu.be/zUH4DMXZocM
Grandes Relatos para Dormir	6600	30	20260402	TOLEDO: The City of the Three Cultures | Complete History from the Middle Ages to Today	https://youtu.be/qdyhM-qEt4s
Grandes Relatos para Dormir	6100	34	20260502	This Is What Madrid Was Like in 865 A.D. | The Forgotten History of Mayrit	https://youtu.be/zAwa01J-3xY
Grandes Relatos para Dormir	3900	31	20260902	MOZARABS: The Forgotten Christians Who Survived Under Islam in Al-Andalus	https://youtu.be/9j2E-akfOog
Grandes Relatos para Dormir	3100	36	20260402	Setenil de las Bodegas: The Complete History of the Town That Lives Under a Rock | Documentary	https://youtu.be/0Fd9uFMH3uo
Grandes Relatos para Dormir	2700	60	20260302	The Discovery of America: From the First Inhabitants to the Fall of the Great Empires	https://youtu.be/0qqvoryFQ2w
Grandes Relatos para Dormir	2400	39	20260402	Riopar: The Complete History of the Town That Keeps the Secrets of the Sierra de Alcaraz	https://youtu.be/ruI-l_hD3-M
Grandes Relatos para Dormir	2100	34	20260902	Córdoba: The City That Was Capital of the World and Lost Everything	https://youtu.be/mfFS9ApgRIs
Grandes Relatos para Dormir	1700	34	20260925	The Secret Refuge of the CATHARS in Aragon and Catalonia: The Hidden History Behind the Crusade	https://youtu.be/feCiy3cJYjI
Grandes Relatos para Dormir	1700	37	20260902	Why Ceuta Is Spanish: The Incredible 1640 Decision Portugal Couldn't Prevent	https://youtu.be/EmX2BR_1Nok
Grandes Relatos para Dormir	1700	34	20260802	This Was the End of Al-Andalus: The Truth Behind the Forgotten Tragedy	https://youtu.be/Z7kruOWsozQ
Grandes Relatos para Dormir	1600	37	20260702	The Enigma of Tartessos: The Lost Civilization History Cannot Explain	https://youtu.be/HIcYZE4930g
Grandes Relatos para Dormir	1600	33	20260702	The Haida Enigma: The People Who Defied the World	https://youtu.be/jryLMquZ1Rs
Grandes Relatos para Dormir	1600	31	20260402	El Fargue Granada: The Complete History of the Neighborhood Born from Fire and Gunpowder	https://youtu.be/DrbTkKipatI
Grandes Relatos para Dormir	1300	34	20260702	How the Inuit Survived: The Secret to Living at -50 Degrees	https://youtu.be/URAZR-GBPK4
Grandes Relatos para Dormir	1300	32	20260402	Who was the Lady of Elche really? The 2,000-year-old enigma that remains unsolved	https://youtu.be/UPGHidCc-rY
Grandes Relatos para Dormir	1100	63	20260402	Toda la Historia de Irán desde sus Orígenes hasta Hoy | El Imperio que Cambió el Mundo	https://youtu.be/KHyEG9Z_0F4
Grandes Relatos para Dormir	1000	28	20260902	Los Chuetas de Mallorca: El Secreto y el Estigma de los Judíos Conversos	https://youtu.be/IVFcx_m9aFA
Grandes Relatos para Dormir	1000	70	20260402	TODA la Historia de la Franja de Gaza Explicada al COMPLETO | De los Filisteos al Siglo Veintiuno	https://youtu.be/2GhSxNn1aq8
Grandes Relatos para Dormir	1000	35	20260302	The WHOLE History of CRYPTOCURRENCIES | Bitcoin, Ethereum, and the Complete Financial Revolution	https://youtu.be/33viIOQuAaM
Grandes Relatos para Dormir	980	31	20260902	Pueblo raro de España Maragatos	https://youtu.be/Q3YVDe-eooo
Grandes Relatos para Dormir	955	30	20260702	Crypto-Jews of the Southwest: The Secret History That Survived 500 Years of Silence	https://youtu.be/aL6JkYDN5R8
Grandes Relatos para Dormir	922	37	20260918	The Full History of the Roma in Madrid and Barcelona: From the Periphery to the Center | Full Doc...	https://youtu.be/UDJgt0rNjGc
Grandes Relatos para Dormir	904	30	20260911	Basque Fueros: Europe's Oldest Democratic System That Defied Absolutism	https://youtu.be/XPYRYCGzma8
Grandes Relatos para Dormir	852	38	20260902	The Secret of Covadonga: The Battle That Changed the History of Spain and Don Pelayo	https://youtu.be/_OC7AjUUYbM
Grandes Relatos para Dormir	842	29	20260921	The Secret of the Indianos: How Galician and Asturian Peasants Conquered America	https://youtu.be/nTLVNTSpipc
Grandes Relatos para Dormir	833	26	20260902	The Mystery of the Guanches: The Lost People of the Canary Islands That History Forgot	https://youtu.be/tKU-E0x6HnU
Grandes Relatos para Dormir	732	34	20260602	La Historia Completa de la Música Afrolatina: De la Esclavitud al Dominio Global | Documental	https://youtu.be/3fnm-dFHTnE
Grandes Relatos para Dormir	696	34	20260802	ZUNI: The Indigenous People Who Defied Empires for 4,000 Years | Full History	https://youtu.be/uMYO29SIXw8
Grandes Relatos para Dormir	680	37	20260802	The SECRET of the Primitive Way: How a KING Changed the History of Spain	https://youtu.be/TClhomYw2x8
Grandes Relatos para Dormir	675	36	20260802	The Secret That Survived 500 Years: The Hidden Jews of the American Southwest	https://youtu.be/GoTD0iSGSwg
Grandes Relatos para Dormir	663	35	20260402	Bajo Mallorca existe Otro Mundo de Millones de Años | Cuevas del Drach	https://youtu.be/KDBb8eWbApA
Grandes Relatos para Dormir	630	34	20260602	The Fall of Rome: The Complete History of the End of the Ancient World	https://youtu.be/7C3b_G3wlg8
Grandes Relatos para Dormir	461	33	20260602	Ramadan: Why do millions of people make this sacrifice?	https://youtu.be/Wr8wJu5Ez5M
Grandes Relatos para Dormir	435	35	20260802	The Secret of the Cantabri: The People Who Defied Augustus' Empire	https://youtu.be/w3vY25LSH40
Grandes Relatos para Dormir	302	36	20260402	El río que parece MARTE está a 2 horas de Sevilla (y la NASA lo sabe)	https://youtu.be/3k3QSP1l0Bo
Grandes Relatos para Dormir	299	40	20260802	The Secret Code That Won World War II: The Epic History of the Navajo People	https://youtu.be/LdQ4cDNeRUQ
