01-horreo	01-2018-combarro-poio-galiza-4.jpg	https://upload.wikimedia.org/wikipedia/commons/thumb/a/a5/2018._Combarro%2C_Poio._Galiza-4.jpg/1920px-2018._Combarro%2C_Poio._Galiza-4.jpg
01-horreo	02-horreos-galicien-img-0274a.jpg	https://upload.wikimedia.org/wikipedia/commons/thumb/a/ab/Horreos-Galicien-IMG_0274a.jpg/1920px-Horreos-Galicien-IMG_0274a.jpg
01-horreo	03-conxunto-horreos.jpg	https://upload.wikimedia.org/wikipedia/commons/thumb/9/98/Conxunto_horreos.jpg/960px-Conxunto_horreos.jpg
01-horreo	04-2013-horreo-en-cambados-galicia-spain.jpg	https://upload.wikimedia.org/wikipedia/commons/thumb/1/11/2013._H%C3%B3rreo_en_Cambados._Galicia_%28Spain%29.jpg/1920px-2013._H%C3%B3rreo_en_Cambados._Galicia_%28Spain%29.jpg
01-horreo	05-camino-de-santiago-lugo-espana-2015-09-20-dd-25.jpg	https://upload.wikimedia.org/wikipedia/commons/thumb/f/f5/Camino_de_Santiago%2C_Lugo%2C_Espa%C3%B1a%2C_2015-09-20%2C_DD_25.jpg/1920px-Camino_de_Santiago%2C_Lugo%2C_Espa%C3%B1a%2C_2015-09-20%2C_DD_25.jpg
01-horreo	06-horreo-toxibo-camino-de-santiago-lugo-espana-2015-.jpg	https://upload.wikimedia.org/wikipedia/commons/thumb/7/79/H%C3%B3rreo%2C_Toxibo%2C_Camino_de_Santiago%2C_Lugo%2C_Espa%C3%B1a%2C_2015-09-20%2C_DD_21.jpg/1920px-H%C3%B3rreo%2C_Toxibo%2C_Camino_de_Santiago%2C_Lugo%2C_Espa%C3%B1a%2C_2015-09-20%2C_DD_21.jpg
01-horreo	07-horreo-de-lira-carnota-galiza.jpg	https://upload.wikimedia.org/wikipedia/commons/thumb/9/99/H%C3%B3rreo_de_Lira._Carnota._Galiza.jpg/1920px-H%C3%B3rreo_de_Lira._Carnota._Galiza.jpg
01-horreo	08-2015-horreo-a-beira-da-igrexa-de-santa-comba-de-ca.jpg	https://upload.wikimedia.org/wikipedia/commons/thumb/5/5b/2015._H%C3%B3rreo_%C3%A1_beira_da_igrexa_de_Santa_Comba_de_Carnota_Galiza.jpg/1920px-2015._H%C3%B3rreo_%C3%A1_beira_da_igrexa_de_Santa_Comba_de_Carnota_Galiza.jpg
01-horreo	09-cabozo-horreo-provincia-lugo.jpg	https://upload.wikimedia.org/wikipedia/commons/thumb/0/0c/Cabozo_Horreo_Provincia_Lugo.JPG/1920px-Cabozo_Horreo_Provincia_Lugo.JPG
01-horreo	10-aermidahorreo.jpg	https://upload.wikimedia.org/wikipedia/commons/thumb/b/b7/Aermidahorreo.jpg/1920px-Aermidahorreo.jpg
01-horreo	11-2-horreos.jpg	https://upload.wikimedia.org/wikipedia/commons/thumb/a/a5/2_horreos.JPG/1920px-2_horreos.JPG
01-horreo	12-horreo-en-paradela-boboras.jpg	https://upload.wikimedia.org/wikipedia/commons/thumb/4/46/Horreo_en_Paradela%2C_Bobor%C3%A1s.JPG/1920px-Horreo_en_Paradela%2C_Bobor%C3%A1s.JPG
01-horreo	13-eira-dos-horreos-das-ventelas.jpg	https://upload.wikimedia.org/wikipedia/commons/thumb/1/18/Eira_dos_Horreos_das_Ventelas.jpg/1920px-Eira_dos_Horreos_das_Ventelas.jpg
01-horreo	14-eira-e-rua-de-as-ventelas.jpg	https://upload.wikimedia.org/wikipedia/commons/thumb/c/c4/Eira_e_rua_de_As_Ventelas.jpg/1920px-Eira_e_rua_de_As_Ventelas.jpg
01-horreo	15-bases-de-horreos-en-alcazar-de-milmanda-celanova.jpg	https://upload.wikimedia.org/wikipedia/commons/thumb/b/be/Bases_de_h%C3%B3rreos_en_Alc%C3%A1zar_de_Milmanda%2C_Celanova.jpg/1920px-Bases_de_h%C3%B3rreos_en_Alc%C3%A1zar_de_Milmanda%2C_Celanova.jpg
01-horreo	16-horreos-de-muimenta-carballeda-de-avia-galiza.jpg	https://upload.wikimedia.org/wikipedia/commons/thumb/3/31/H%C3%B3rreos_de_Muimenta%2C_Carballeda_de_Avia%2C_Galiza.jpg/1920px-H%C3%B3rreos_de_Muimenta%2C_Carballeda_de_Avia%2C_Galiza.jpg
02-carro-bois	01-a-arnoia-carro-a-beira-do-mino-galiza-3.jpg	https://upload.wikimedia.org/wikipedia/commons/thumb/9/90/A_Arnoia_-_Carro_%C3%A1_beira_do_Mi%C3%B1o_-_Galiza-3.jpg/1920px-A_Arnoia_-_Carro_%C3%A1_beira_do_Mi%C3%B1o_-_Galiza-3.jpg
02-carro-bois	02-carros-tradicionais-na-praia-de-peralta-o-grove-ga.jpg	https://upload.wikimedia.org/wikipedia/commons/thumb/6/62/Carros_tradicionais_na_praia_de_Peralta._O_Grove._Galiza-2.jpg/1920px-Carros_tradicionais_na_praia_de_Peralta._O_Grove._Galiza-2.jpg
02-carro-bois	03-carros-na-praia-de-peralto-galicia-galiza-galicia.jpg	https://upload.wikimedia.org/wikipedia/commons/thumb/0/0f/Carros_na_praia_de_Peralto._Galicia._Galiza._Galicia.jpg/1920px-Carros_na_praia_de_Peralto._Galicia._Galiza._Galicia.jpg
02-carro-bois	04-festa-da-malla-2022-17c.jpg	https://upload.wikimedia.org/wikipedia/commons/thumb/a/a1/Festa_da_Malla_2022%2C_17c.jpg/1920px-Festa_da_Malla_2022%2C_17c.jpg
02-carro-bois	05-meano-coiron-01-01c.jpg	https://upload.wikimedia.org/wikipedia/commons/thumb/a/a5/Mea%C3%B1o%2C_Coir%C3%B3n_01-01c.jpg/1920px-Mea%C3%B1o%2C_Coir%C3%B3n_01-01c.jpg
02-carro-bois	06-meano-coiron-01-03b.jpg	https://upload.wikimedia.org/wikipedia/commons/thumb/0/0e/Mea%C3%B1o%2C_Coir%C3%B3n_01-03b.jpg/1920px-Mea%C3%B1o%2C_Coir%C3%B3n_01-03b.jpg
02-carro-bois	07-mosteiro-1-feira-labrega-carro-06.jpg	https://upload.wikimedia.org/wikipedia/commons/thumb/e/ea/Mosteiro_1_Feira_Labrega_carro_06.jpg/1920px-Mosteiro_1_Feira_Labrega_carro_06.jpg
02-carro-bois	08-poio-combarro-02-04a.jpg	https://upload.wikimedia.org/wikipedia/commons/thumb/5/51/Poio%2C_Combarro_02-04a.jpg/1920px-Poio%2C_Combarro_02-04a.jpg
02-carro-bois	09-carro-barrana-boiro-xullo-2006.jpg	https://upload.wikimedia.org/wikipedia/commons/thumb/0/06/Carro_Barra%C3%B1a_Boiro_Xullo_2006.jpg/1920px-Carro_Barra%C3%B1a_Boiro_Xullo_2006.jpg
02-carro-bois	10-carro-barrana-boiro.jpg	https://upload.wikimedia.org/wikipedia/commons/thumb/3/34/Carro_Barra%C3%B1a_Boiro.jpg/1920px-Carro_Barra%C3%B1a_Boiro.jpg
02-carro-bois	11-carro-santiago-de-compostela.jpg	https://upload.wikimedia.org/wikipedia/commons/thumb/2/24/Carro%2C_Santiago_de_Compostela.jpg/1920px-Carro%2C_Santiago_de_Compostela.jpg
02-carro-bois	12-monumento-ao-carro-en-padron.jpg	https://upload.wikimedia.org/wikipedia/commons/thumb/b/b8/Monumento_ao_carro_en_Padr%C3%B3n.jpg/1280px-Monumento_ao_carro_en_Padr%C3%B3n.jpg
02-carro-bois	13-escultura-dun-carro-na-rua-do-sar-padron-galiza-pa.jpg	https://upload.wikimedia.org/wikipedia/commons/thumb/d/d2/Escultura_dun_carro_na_r%C3%BAa_do_Sar_-_Padr%C3%B3n_-_Galiza_-_PA36.jpg/1920px-Escultura_dun_carro_na_r%C3%BAa_do_Sar_-_Padr%C3%B3n_-_Galiza_-_PA36.jpg
02-carro-bois	14-coles-alban-carro.jpg	https://upload.wikimedia.org/wikipedia/commons/thumb/b/b3/Coles%2C_Alb%C3%A1n%2C_carro.JPG/1920px-Coles%2C_Alb%C3%A1n%2C_carro.JPG
02-carro-bois	15-carro-monte-pio-santiago-de-compostela.jpg	https://upload.wikimedia.org/wikipedia/commons/thumb/3/32/Carro%2C_Monte_P%C3%ADo%2C_Santiago_de_Compostela.jpg/1920px-Carro%2C_Monte_P%C3%ADo%2C_Santiago_de_Compostela.jpg
02-carro-bois	16-el-carro-15082527952.jpg	https://upload.wikimedia.org/wikipedia/commons/thumb/5/54/El_carro_%2815082527952%29.jpg/1920px-El_carro_%2815082527952%29.jpg
03-palloza-casa	01-el-cebreiro-palloza-ni.jpg	https://upload.wikimedia.org/wikipedia/commons/thumb/a/a0/El_Cebreiro_palloza_ni.JPG/1920px-El_Cebreiro_palloza_ni.JPG
03-palloza-casa	02-el-cebreiro-lugo-palloza-ni.jpg	https://upload.wikimedia.org/wikipedia/commons/thumb/1/19/El_Cebreiro_Lugo_palloza_ni.jpg/1920px-El_Cebreiro_Lugo_palloza_ni.jpg
03-palloza-casa	03-pallozas-en-piornedo.jpg	https://upload.wikimedia.org/wikipedia/commons/thumb/5/56/Pallozas_en_Piornedo.JPG/1920px-Pallozas_en_Piornedo.JPG
03-palloza-casa	04-ancares-1976-63.jpg	https://upload.wikimedia.org/wikipedia/commons/thumb/b/be/Ancares_1976_63.jpg/1920px-Ancares_1976_63.jpg
03-palloza-casa	05-conxunto-etnografico-das-pallozas-do-cebreiro.jpg	https://upload.wikimedia.org/wikipedia/commons/thumb/5/51/Conxunto_etnogr%C3%A1fico_das_pallozas_do_Cebreiro.jpg/1920px-Conxunto_etnogr%C3%A1fico_das_pallozas_do_Cebreiro.jpg
03-palloza-casa	06-pallozas-o-piornedo-cervantes.jpg	https://upload.wikimedia.org/wikipedia/commons/thumb/5/52/Pallozas%2C_O_Piornedo%2C_Cervantes.jpg/960px-Pallozas%2C_O_Piornedo%2C_Cervantes.jpg
03-palloza-casa	07-pallozas-de-san-roman-cervantes.jpg	https://upload.wikimedia.org/wikipedia/commons/thumb/9/91/Pallozas_de_San_Rom%C3%A1n%2C_Cervantes..jpg/1280px-Pallozas_de_San_Rom%C3%A1n%2C_Cervantes..jpg
03-palloza-casa	08-pallozas-de-san-roman-en-el-municipio-de-cervantes.jpg	https://upload.wikimedia.org/wikipedia/commons/thumb/5/57/Pallozas_de_San_Rom%C3%A1n%2C_en_el_municipio_de_Cervantes_%28Lugo%2C_Espa%C3%B1a%29.jpg/960px-Pallozas_de_San_Rom%C3%A1n%2C_en_el_municipio_de_Cervantes_%28Lugo%2C_Espa%C3%B1a%29.jpg
03-palloza-casa	09-pallozas-nevadas-o-cebreiro.jpg	https://upload.wikimedia.org/wikipedia/commons/thumb/2/24/Pallozas_nevadas%2C_O_Cebreiro.jpg/960px-Pallozas_nevadas%2C_O_Cebreiro.jpg
03-palloza-casa	10-palloza-cantexeira.jpg	https://upload.wikimedia.org/wikipedia/commons/thumb/9/9a/Palloza_Cantexeira.jpg/1920px-Palloza_Cantexeira.jpg
03-palloza-casa	11-palloza-galega.jpg	https://upload.wikimedia.org/wikipedia/commons/thumb/2/20/Palloza_galega.jpg/1920px-Palloza_galega.jpg
03-palloza-casa	12-hotel-balneario-de-pambre-02-palloza.jpg	https://upload.wikimedia.org/wikipedia/commons/thumb/d/d3/Hotel_Balneario_de_Pambre_-_02_-_Palloza.jpg/1920px-Hotel_Balneario_de_Pambre_-_02_-_Palloza.jpg
03-palloza-casa	13-hotel-balneario-de-pambre-03-palloza.jpg	https://upload.wikimedia.org/wikipedia/commons/thumb/b/b2/Hotel_Balneario_de_Pambre_-_03_-_Palloza.jpg/1920px-Hotel_Balneario_de_Pambre_-_03_-_Palloza.jpg
03-palloza-casa	14-hotel-balneario-de-pambre-04-palloza.jpg	https://upload.wikimedia.org/wikipedia/commons/thumb/8/8c/Hotel_Balneario_de_Pambre_-_04_-_Palloza.jpg/1920px-Hotel_Balneario_de_Pambre_-_04_-_Palloza.jpg
03-palloza-casa	15-hotel-balneario-de-pambre-06-palloza.jpg	https://upload.wikimedia.org/wikipedia/commons/thumb/b/bf/Hotel_Balneario_de_Pambre_-_06_-_Palloza.jpg/1920px-Hotel_Balneario_de_Pambre_-_06_-_Palloza.jpg
03-palloza-casa	16-canedo-01-palloza-by-dpc.jpg	https://upload.wikimedia.org/wikipedia/commons/thumb/1/17/Canedo_01_palloza_by-dpc.jpg/1920px-Canedo_01_palloza_by-dpc.jpg
04-pazo	01-pazo-de-marinan-fachada-capilla.jpg	https://upload.wikimedia.org/wikipedia/commons/thumb/5/58/Pazo_de_Mari%C3%B1%C3%A1n%2C_fachada_capilla.jpg/1920px-Pazo_de_Mari%C3%B1%C3%A1n%2C_fachada_capilla.jpg
04-pazo	02-pazo-de-marinan-fachada-capilla.jpg	https://upload.wikimedia.org/wikipedia/commons/thumb/a/a3/Pazo_de_Mari%C3%B1%C3%A1n%2C_Fachada_Capilla.jpg/1920px-Pazo_de_Mari%C3%B1%C3%A1n%2C_Fachada_Capilla.jpg
04-pazo	03-entrada-da-capela-do-pazo-de-rioboo.jpg	https://upload.wikimedia.org/wikipedia/commons/thumb/3/31/Entrada_da_Capela_do_Pazo_de_Rioboo.JPG/1280px-Entrada_da_Capela_do_Pazo_de_Rioboo.JPG
04-pazo	04-fachada-da-capela-de-san-xoian-nepomuceno-pazo-de-.jpg	https://upload.wikimedia.org/wikipedia/commons/thumb/2/27/Fachada_da_capela_de_San_Xoi%C3%A1n_Nepomuceno%2C_pazo_de_Antequeira.jpg/1920px-Fachada_da_capela_de_San_Xoi%C3%A1n_Nepomuceno%2C_pazo_de_Antequeira.jpg
04-pazo	05-fachada-principal-da-capela-de-san-xoian-nepomucen.jpg	https://upload.wikimedia.org/wikipedia/commons/thumb/b/b3/Fachada_principal_da_capela_de_San_Xoi%C3%A1n_Nepomuceno%2C_pazo_de_Antequeira.jpg/1920px-Fachada_principal_da_capela_de_San_Xoi%C3%A1n_Nepomuceno%2C_pazo_de_Antequeira.jpg
04-pazo	06-patio-de-labor-03.jpg	https://upload.wikimedia.org/wikipedia/commons/thumb/b/b9/Patio_de_Labor_03.jpg/1920px-Patio_de_Labor_03.jpg
04-pazo	07-torre-do-pazo-de-oca-a-estrada.jpg	https://upload.wikimedia.org/wikipedia/commons/thumb/9/92/Torre_do_Pazo_de_Oca%2C_A_Estrada.jpg/1280px-Torre_do_Pazo_de_Oca%2C_A_Estrada.jpg
04-pazo	08-patio-pazo-de-oca-01.jpg	https://upload.wikimedia.org/wikipedia/commons/thumb/7/7e/Patio_Pazo_de_Oca_01.jpg/1920px-Patio_Pazo_de_Oca_01.jpg
04-pazo	09-pazo-baion-dentro-del-palomar-15655398068.jpg	https://upload.wikimedia.org/wikipedia/commons/thumb/2/28/Pazo_Bai%C3%B3n-Dentro_del_palomar_%2815655398068%29.jpg/1920px-Pazo_Bai%C3%B3n-Dentro_del_palomar_%2815655398068%29.jpg
04-pazo	10-pazo-de-paizas-cira-silleda.jpg	https://upload.wikimedia.org/wikipedia/commons/thumb/a/a8/Pazo_de_Paiz%C3%A1s%2C_Cira%2C_Silleda.jpg/1920px-Pazo_de_Paiz%C3%A1s%2C_Cira%2C_Silleda.jpg
04-pazo	11-pazo-dos-besada.jpg	https://upload.wikimedia.org/wikipedia/commons/thumb/b/ba/Pazo_dos_Besada.jpg/1920px-Pazo_dos_Besada.jpg
04-pazo	12-fachada-principal-do-pazo-de-mos.jpg	https://upload.wikimedia.org/wikipedia/commons/thumb/9/91/Fachada_principal_do_Pazo_de_Mos.JPG/1920px-Fachada_principal_do_Pazo_de_Mos.JPG
04-pazo	13-pazo-da-toxeirina-en-silvoso-lamas-morana-capela.jpg	https://upload.wikimedia.org/wikipedia/commons/thumb/8/88/Pazo_da_Toxeiri%C3%B1a_en_Silvoso_%28Lamas%2C_Mora%C3%B1a%29_-_capela.jpg/1920px-Pazo_da_Toxeiri%C3%B1a_en_Silvoso_%28Lamas%2C_Mora%C3%B1a%29_-_capela.jpg
04-pazo	14-torre-de-couso.jpg	https://upload.wikimedia.org/wikipedia/commons/thumb/7/77/Torre_de_Couso.JPG/1920px-Torre_de_Couso.JPG
04-pazo	15-vigo-casa-torre-de-pazos-figueroa-3.jpg	https://upload.wikimedia.org/wikipedia/commons/thumb/3/3f/Vigo_-_Casa_Torre_de_Pazos_Figueroa_3.JPG/1920px-Vigo_-_Casa_Torre_de_Pazos_Figueroa_3.JPG
04-pazo	16-ribadumia-pazo-de-sisan-01-02a.jpg	https://upload.wikimedia.org/wikipedia/commons/thumb/f/f4/Ribadumia%2C_pazo_de_Sis%C3%A1n_01-02a.jpg/1920px-Ribadumia%2C_pazo_de_Sis%C3%A1n_01-02a.jpg
05-cruceiro-peto	01-peto-de-animas-no-cruceiro-do-acordo-en-manufe.jpg	https://upload.wikimedia.org/wikipedia/commons/thumb/d/df/Peto_de_%C3%A1nimas_no_Cruceiro_do_Acordo_en_Ma%C3%B1ufe.jpg/1920px-Peto_de_%C3%A1nimas_no_Cruceiro_do_Acordo_en_Ma%C3%B1ufe.jpg
05-cruceiro-peto	02-peto-de-animas-en-portosin-galiza-2.jpg	https://upload.wikimedia.org/wikipedia/commons/thumb/9/9b/Peto_de_%C3%A1nimas_en_Portos%C3%ADn_-_Galiza-2.jpg/1920px-Peto_de_%C3%A1nimas_en_Portos%C3%ADn_-_Galiza-2.jpg
05-cruceiro-peto	03-peto-de-animas-vilanova-dos-infantes-celanova-gali.jpg	https://upload.wikimedia.org/wikipedia/commons/thumb/f/f8/Peto_de_%C3%A1nimas_-_Vilanova_dos_Infantes_-_Celanova_-_Galiza_VI.01.jpg/1920px-Peto_de_%C3%A1nimas_-_Vilanova_dos_Infantes_-_Celanova_-_Galiza_VI.01.jpg
05-cruceiro-peto	04-36990-noalla-03-a-revolta-02-04a.jpg	https://upload.wikimedia.org/wikipedia/commons/thumb/c/cd/36990_Noalla_03%2C_A_Revolta_02-04a.jpg/1920px-36990_Noalla_03%2C_A_Revolta_02-04a.jpg
05-cruceiro-peto	05-peto-de-animas-sobreira-ourense.jpg	https://upload.wikimedia.org/wikipedia/commons/thumb/9/9b/Peto_de_%C3%A1nimas%2C_Sobreira%2C_Ourense.jpg/1920px-Peto_de_%C3%A1nimas%2C_Sobreira%2C_Ourense.jpg
05-cruceiro-peto	06-cambados-09-castrelo-04-04r.jpg	https://upload.wikimedia.org/wikipedia/commons/thumb/b/bf/Cambados_09%2C_Castrelo_04-04r.jpg/1280px-Cambados_09%2C_Castrelo_04-04r.jpg
05-cruceiro-peto	07-baiona-01-ponte-da-ramallosa-01-03b.jpg	https://upload.wikimedia.org/wikipedia/commons/thumb/5/57/Baiona_01%2C_Ponte_da_Ramallosa_01-03b.jpg/1920px-Baiona_01%2C_Ponte_da_Ramallosa_01-03b.jpg
05-cruceiro-peto	08-peto-das-animas.jpg	https://upload.wikimedia.org/wikipedia/commons/thumb/a/a6/PETO_DAS_%C3%81NIMAS.jpg/1920px-PETO_DAS_%C3%81NIMAS.jpg
05-cruceiro-peto	09-2018-cruceiro-en-vigo-galiza.jpg	https://upload.wikimedia.org/wikipedia/commons/thumb/1/15/2018._Cruceiro_en_Vigo._Galiza.jpg/1920px-2018._Cruceiro_en_Vigo._Galiza.jpg
05-cruceiro-peto	10-peto-de-animas-e-muino-en-escuadra-a-lama.jpg	https://upload.wikimedia.org/wikipedia/commons/thumb/b/b8/Peto_de_%C3%A1nimas_e_mu%C3%AD%C3%B1o_en_Escuadra%2C_A_Lama.jpg/1920px-Peto_de_%C3%A1nimas_e_mu%C3%AD%C3%B1o_en_Escuadra%2C_A_Lama.jpg
05-cruceiro-peto	11-forzans-peto-de-animas-reloxo-de-sol.jpg	https://upload.wikimedia.org/wikipedia/commons/thumb/d/d4/Forz%C3%A1ns%2C_peto_de_%C3%A1nimas%2C_reloxo_de_sol.JPG/1920px-Forz%C3%A1ns%2C_peto_de_%C3%A1nimas%2C_reloxo_de_sol.JPG
05-cruceiro-peto	12-ponte-caldelas-02-01b.jpg	https://upload.wikimedia.org/wikipedia/commons/thumb/2/23/Ponte_Caldelas_02-01b.jpg/1920px-Ponte_Caldelas_02-01b.jpg
05-cruceiro-peto	13-edicula-do-peto-de-animas-do-toural.jpg	https://upload.wikimedia.org/wikipedia/commons/thumb/b/b7/Ed%C3%ADcula_do_peto_de_%C3%A1nimas_do_Toural.jpg/1920px-Ed%C3%ADcula_do_peto_de_%C3%A1nimas_do_Toural.jpg
05-cruceiro-peto	14-peto-de-animas-de-sordos-bande-panel.jpg	https://upload.wikimedia.org/wikipedia/commons/thumb/8/8e/Peto_de_%C3%A1nimas_de_Sordos_%28Bande%29_-_panel.jpg/1920px-Peto_de_%C3%A1nimas_de_Sordos_%28Bande%29_-_panel.jpg
05-cruceiro-peto	15-peto-de-animas-de-santa-lucia-caldas-de-reis.jpg	https://upload.wikimedia.org/wikipedia/commons/thumb/0/0b/Peto_de_%C3%A1nimas_de_Santa_Luc%C3%ADa%2C_Caldas_de_Reis.jpg/1280px-Peto_de_%C3%A1nimas_de_Santa_Luc%C3%ADa%2C_Caldas_de_Reis.jpg
05-cruceiro-peto	16-peto-a-lama.jpg	https://upload.wikimedia.org/wikipedia/commons/thumb/2/2f/Peto_A_Lama.jpg/960px-Peto_A_Lama.jpg
06-cocina	01-festa-da-malla-2022-19.jpg	https://upload.wikimedia.org/wikipedia/commons/thumb/1/17/Festa_da_Malla_2022%2C_19.jpg/1920px-Festa_da_Malla_2022%2C_19.jpg
06-cocina	02-lareira-rural.jpg	https://upload.wikimedia.org/wikipedia/commons/thumb/f/f4/Lareira_rural.jpg/1920px-Lareira_rural.jpg
06-cocina	03-reitoral-de-beiro-carballeda-de-avia-3.jpg	https://upload.wikimedia.org/wikipedia/commons/thumb/0/0a/Reitoral_de_Beiro%2C_Carballeda_de_Avia_3.jpg/1920px-Reitoral_de_Beiro%2C_Carballeda_de_Avia_3.jpg
06-cocina	04-coles-ucelle-pazo-de-fontefiz-lareira.jpg	https://upload.wikimedia.org/wikipedia/commons/thumb/4/46/Coles%2C_Ucelle%2C_Pazo_de_Fontefiz%2C_lareira.JPG/1920px-Coles%2C_Ucelle%2C_Pazo_de_Fontefiz%2C_lareira.JPG
06-cocina	05-lalin-casa-do-patron-01-15b.jpg	https://upload.wikimedia.org/wikipedia/commons/thumb/1/1d/Lal%C3%ADn%2C_Casa_do_Patr%C3%B3n_01-15b.JPG/1920px-Lal%C3%ADn%2C_Casa_do_Patr%C3%B3n_01-15b.JPG
06-cocina	06-lareira.jpg	https://upload.wikimedia.org/wikipedia/commons/thumb/a/a1/Lareira.JPG/1920px-Lareira.JPG
06-cocina	07-lareira-pazo-de-antequeira-rois.jpg	https://upload.wikimedia.org/wikipedia/commons/thumb/8/88/Lareira%2C_pazo_de_Antequeira%2C_Rois.jpg/1920px-Lareira%2C_pazo_de_Antequeira%2C_Rois.jpg
06-cocina	08-sobrado-01-35c.jpg	https://upload.wikimedia.org/wikipedia/commons/thumb/5/53/Sobrado_01-35c.JPG/1920px-Sobrado_01-35c.JPG
06-cocina	09-lareira-en-desuso.jpg	https://upload.wikimedia.org/wikipedia/commons/thumb/8/87/Lareira_en_desuso.jpg/960px-Lareira_en_desuso.jpg
06-cocina	10-cocina-de-ferro-a-estrada-galiza.jpg	https://upload.wikimedia.org/wikipedia/commons/thumb/9/98/Coci%C3%B1a_de_ferro%2C_A_Estrada%2C_Galiza.jpg/500px-Coci%C3%B1a_de_ferro%2C_A_Estrada%2C_Galiza.jpg
06-cocina	11-cocina-de-lena-forno.jpg	https://upload.wikimedia.org/wikipedia/commons/thumb/9/90/Coci%C3%B1a_de_le%C3%B1a._Forno.jpg/960px-Coci%C3%B1a_de_le%C3%B1a._Forno.jpg
06-cocina	12-casa-perfeuto-maria-outes-a-coruna-galicia-espagne.jpg	https://upload.wikimedia.org/wikipedia/commons/thumb/f/fb/Casa_Perfeuto_Mar%C3%ADa%2C_Outes%2C_A_Coru%C3%B1a%2C_Galicia_%28Espagne%29.jpg/1920px-Casa_Perfeuto_Mar%C3%ADa%2C_Outes%2C_A_Coru%C3%B1a%2C_Galicia_%28Espagne%29.jpg
06-cocina	13-candil-de-carburo.jpg	https://upload.wikimedia.org/wikipedia/commons/thumb/7/70/Candil_de_carburo.jpg/1920px-Candil_de_carburo.jpg
06-cocina	14-rfk-005-feuerstelle-im-17-jh.jpg	https://upload.wikimedia.org/wikipedia/commons/thumb/9/96/RFK-005-Feuerstelle-im-17-Jh.JPG/1280px-RFK-005-Feuerstelle-im-17-Jh.JPG
06-cocina	15-burg-pyrmont-27.jpg	https://upload.wikimedia.org/wikipedia/commons/thumb/7/7d/Burg_Pyrmont_27.JPG/1280px-Burg_Pyrmont_27.JPG
06-cocina	16-kuche-turmerwohnung-stadtkirche-homberg-efze.jpg	https://upload.wikimedia.org/wikipedia/commons/thumb/c/c0/K%C3%BCche_T%C3%BCrmerwohnung_Stadtkirche_Homberg-Efze.jpg/1920px-K%C3%BCche_T%C3%BCrmerwohnung_Stadtkirche_Homberg-Efze.jpg
07-queimada	01-queimada-fuego.jpg	https://upload.wikimedia.org/wikipedia/commons/thumb/e/e4/Queimada_fuego.jpg/1920px-Queimada_fuego.jpg
07-queimada	02-camino-de-santiago-may-2008.jpg	https://upload.wikimedia.org/wikipedia/commons/thumb/0/01/Camino_de_Santiago%2C_May_2008.jpg/1920px-Camino_de_Santiago%2C_May_2008.jpg
07-queimada	03-queimada-em-acao.jpg	https://upload.wikimedia.org/wikipedia/commons/thumb/4/4a/Queimada_em_a%C3%A7ao.jpg/1280px-Queimada_em_a%C3%A7ao.jpg
07-queimada	04-queimada-por-zentolos.jpg	https://upload.wikimedia.org/wikipedia/commons/thumb/d/d6/Queimada_por_Zentolos.jpg/1280px-Queimada_por_Zentolos.jpg
07-queimada	05-meigas-de-la-queimada-o-grove-4005163304.jpg	https://upload.wikimedia.org/wikipedia/commons/thumb/c/c7/Meigas_de_la_queimada%2C_O_Grove_%284005163304%29.jpg/1920px-Meigas_de_la_queimada%2C_O_Grove_%284005163304%29.jpg
07-queimada	06-queimada.jpg	https://upload.wikimedia.org/wikipedia/commons/thumb/5/5f/Queimada.JPG/1920px-Queimada.JPG
07-queimada	07-mural-da-queimada-en-cambre.jpg	https://upload.wikimedia.org/wikipedia/commons/thumb/c/c0/Mural_da_queimada_en_Cambre.jpg/1920px-Mural_da_queimada_en_Cambre.jpg
07-queimada	08-queimada-galicia-1.jpg	https://upload.wikimedia.org/wikipedia/commons/thumb/6/61/Queimada_Galicia_1.jpg/1920px-Queimada_Galicia_1.jpg
07-queimada	09-pequena-queimada.jpg	https://upload.wikimedia.org/wikipedia/commons/thumb/3/36/Pequena_queimada.jpg/960px-Pequena_queimada.jpg
07-queimada	10-sao-miguel-5470-portugal-panoramio-100.jpg	https://upload.wikimedia.org/wikipedia/commons/thumb/3/30/S%C3%A3o_Miguel%2C_5470%2C_Portugal_-_panoramio_%28100%29.jpg/1920px-S%C3%A3o_Miguel%2C_5470%2C_Portugal_-_panoramio_%28100%29.jpg
08-traje	01-2026-domingo-26-de-xullo-desfile-de-traxes-tradici.jpg	https://upload.wikimedia.org/wikipedia/commons/thumb/9/98/2026_Domingo_26_de_xullo._Desfile_de_traxes_tradicionais._Santiago_de_Compostela.jpg/1920px-2026_Domingo_26_de_xullo._Desfile_de_traxes_tradicionais._Santiago_de_Compostela.jpg
08-traje	02-gallega-galicienne-en-costume-de-fete-19316007923.jpg	https://upload.wikimedia.org/wikipedia/commons/thumb/4/41/%22Gallega%2C_galicienne%2C_en_costume_de_f%C3%AAte%22_%2819316007923%29.jpg/1280px-%22Gallega%2C_galicienne%2C_en_costume_de_f%C3%AAte%22_%2819316007923%29.jpg
08-traje	03-traxe-tradicional-galego-santiago-de-compostela.jpg	https://upload.wikimedia.org/wikipedia/commons/thumb/c/c6/Traxe_tradicional_galego._Santiago_de_Compostela.jpg/1920px-Traxe_tradicional_galego._Santiago_de_Compostela.jpg
08-traje	04-traxe-tradicional-galego-santiago-de-compostela.jpg	https://upload.wikimedia.org/wikipedia/commons/thumb/e/e2/Traxe_tradicional_galego%2C_Santiago_de_Compostela.jpg/1920px-Traxe_tradicional_galego%2C_Santiago_de_Compostela.jpg
08-traje	05-galegos-14700300926.jpg	https://upload.wikimedia.org/wikipedia/commons/thumb/b/b6/Galegos_%2814700300926%29.jpg/1920px-Galegos_%2814700300926%29.jpg
08-traje	06-traje-de-peliqueiro-laza-ourense-en-el-museo-de-ar.jpg	https://upload.wikimedia.org/wikipedia/commons/thumb/f/f6/Traje_de_Peliqueiro_%28Laza%2C_Ourense%29_en_el_Museo_de_Artes_y_Tradiciones_Populares_%2815_de_julio_de_2016%2C_Madrid%29.jpg/1920px-Traje_de_Peliqueiro_%28Laza%2C_Ourense%29_en_el_Museo_de_Artes_y_Tradiciones_Populares_%2815_de_julio_de_2016%2C_Madrid%29.jpg
08-traje	07-home-con-traxe-galego-no-dia-das-letras-galegas-20.jpg	https://upload.wikimedia.org/wikipedia/commons/thumb/8/82/Home_con_traxe_galego_no_D%C3%ADa_das_Letras_Galegas_2023.jpg/1920px-Home_con_traxe_galego_no_D%C3%ADa_das_Letras_Galegas_2023.jpg
08-traje	08-traxes-castelao.jpg	https://upload.wikimedia.org/wikipedia/commons/thumb/9/9e/Traxes_Castelao.jpg/1920px-Traxes_Castelao.jpg
08-traje	09-gallegos-traje-regional.jpg	https://upload.wikimedia.org/wikipedia/commons/thumb/8/87/Gallegos_traje_regional.jpg/1920px-Gallegos_traje_regional.jpg
08-traje	10-zoca-san-salvador-de-couzadoiro-ortigueira.jpg	https://upload.wikimedia.org/wikipedia/commons/thumb/5/5f/Zoca%2C_San_Salvador_de_Couzadoiro%2C_Ortigueira.jpg/1920px-Zoca%2C_San_Salvador_de_Couzadoiro%2C_Ortigueira.jpg
08-traje	11-zoca-vertical-xogo-popular-o-grove-galiza.jpg	https://upload.wikimedia.org/wikipedia/commons/thumb/e/ee/Zoca_vertical_%28xogo_popular%29._O_Grove._Galiza.jpg/1920px-Zoca_vertical_%28xogo_popular%29._O_Grove._Galiza.jpg
08-traje	12-museo-liste-vigo-zocas.jpg	https://upload.wikimedia.org/wikipedia/commons/thumb/7/74/Museo_Liste%2C_Vigo%2C_zocas.jpg/1920px-Museo_Liste%2C_Vigo%2C_zocas.jpg
08-traje	13-nusta-cusquena.jpg	https://upload.wikimedia.org/wikipedia/commons/thumb/5/50/%C3%91usta_cusque%C3%B1a.jpg/1280px-%C3%91usta_cusque%C3%B1a.jpg
08-traje	14-gaiteros-galicien.jpg	https://upload.wikimedia.org/wikipedia/commons/thumb/9/92/Gaiteros_galicien.jpg/1920px-Gaiteros_galicien.jpg
08-traje	15-gaiteiros-em-romaria-galega.jpg	https://upload.wikimedia.org/wikipedia/commons/thumb/d/d7/Gaiteiros_em_romaria_galega.jpg/1920px-Gaiteiros_em_romaria_galega.jpg
08-traje	16-dia-do-traballo-santiago-de-compostela-2009-91.jpg	https://upload.wikimedia.org/wikipedia/commons/thumb/d/d8/D%C3%ADa_do_traballo._Santiago_de_Compostela_2009_91.jpg/1920px-D%C3%ADa_do_traballo._Santiago_de_Compostela_2009_91.jpg
09-herramientas	01-arado-vimianzo-galiza-v11.jpg	https://upload.wikimedia.org/wikipedia/commons/thumb/4/45/Arado._Vimianzo._Galiza_-V11.jpg/1920px-Arado._Vimianzo._Galiza_-V11.jpg
09-herramientas	02-festa-da-malla-2017-107.jpg	https://upload.wikimedia.org/wikipedia/commons/thumb/a/a4/Festa_da_Malla_2017%2C_107.jpg/1920px-Festa_da_Malla_2017%2C_107.jpg
09-herramientas	03-arado-en-galiza.jpg	https://upload.wikimedia.org/wikipedia/commons/thumb/1/19/Arado_en_Galiza.jpg/1920px-Arado_en_Galiza.jpg
09-herramientas	04-arado-galicia-spain.jpg	https://upload.wikimedia.org/wikipedia/commons/thumb/b/b7/Arado._Galicia_%28Spain%29.jpg/1920px-Arado._Galicia_%28Spain%29.jpg
09-herramientas	05-arado-galicia-spain.jpg	https://upload.wikimedia.org/wikipedia/commons/thumb/1/1d/Arado%2C_Galicia_%28Spain%29.jpg/1280px-Arado%2C_Galicia_%28Spain%29.jpg
09-herramientas	06-arado-no-pazo-de-hermida-dodro.jpg	https://upload.wikimedia.org/wikipedia/commons/thumb/c/c5/Arado_no_Pazo_de_Hermida%2C_Dodro.jpg/1920px-Arado_no_Pazo_de_Hermida%2C_Dodro.jpg
09-herramientas	07-arado-ajuria-en-pontedeva.jpg	https://upload.wikimedia.org/wikipedia/commons/thumb/7/73/Arado_Ajuria_en_Pontedeva.jpg/1920px-Arado_Ajuria_en_Pontedeva.jpg
09-herramientas	08-sachos-e-picaranas.jpg	https://upload.wikimedia.org/wikipedia/commons/thumb/d/d1/Sachos_e_picara%C3%B1as.jpg/960px-Sachos_e_picara%C3%B1as.jpg
09-herramientas	09-arado.jpg	https://upload.wikimedia.org/wikipedia/commons/thumb/e/ef/Arado.JPG/500px-Arado.JPG
09-herramientas	10-arados-exposicion.jpg	https://upload.wikimedia.org/wikipedia/commons/thumb/b/be/Arados_-_Exposici%C3%B3n.jpg/1280px-Arados_-_Exposici%C3%B3n.jpg
09-herramientas	11-apeiro-de-labranza-panoramio.jpg	https://upload.wikimedia.org/wikipedia/commons/thumb/7/73/Apeiro_de_labranza_-_panoramio.jpg/1920px-Apeiro_de_labranza_-_panoramio.jpg
09-herramientas	12-apeiros-de-labregos-4560316123.jpg	https://upload.wikimedia.org/wikipedia/commons/thumb/5/5d/Apeiros_de_labregos_%284560316123%29.jpg/1920px-Apeiros_de_labregos_%284560316123%29.jpg
09-herramientas	13-gadana-2767974677.jpg	https://upload.wikimedia.org/wikipedia/commons/thumb/f/f7/Gada%C3%B1a_%282767974677%29.jpg/1920px-Gada%C3%B1a_%282767974677%29.jpg
09-herramientas	14-amoeiro-amoeiro-o-formigueiro-01-06b.jpg	https://upload.wikimedia.org/wikipedia/commons/thumb/4/4a/Amoeiro%2C_Amoeiro%2C_O_Formigueiro_01-06b.jpg/1920px-Amoeiro%2C_Amoeiro%2C_O_Formigueiro_01-06b.jpg
09-herramientas	15-fogar-do-santiso-teo-galiza-2.jpg	https://upload.wikimedia.org/wikipedia/commons/thumb/c/c4/Fogar_do_Santiso._Teo._Galiza_2.jpg/1920px-Fogar_do_Santiso._Teo._Galiza_2.jpg
09-herramientas	16-tegas-no-castelo-de-castro-caldelas.jpg	https://upload.wikimedia.org/wikipedia/commons/thumb/c/c4/Tegas_no_castelo_de_Castro_Caldelas.jpg/1920px-Tegas_no_castelo_de_Castro_Caldelas.jpg
10-muino-fonte	01-molino-batans-do-mosquetin.jpg	https://upload.wikimedia.org/wikipedia/commons/thumb/0/02/Molino_Batans_do_mosquet%C3%ADn.jpg/500px-Molino_Batans_do_mosquet%C3%ADn.jpg
10-muino-fonte	02-portor-negreira-ponte-maceira-interior-de-los-moli.jpg	https://upload.wikimedia.org/wikipedia/commons/thumb/6/6e/Portor_-_Negreira_-_Ponte_Maceira_-_Interior_de_los_molinos_-_01.JPG/1920px-Portor_-_Negreira_-_Ponte_Maceira_-_Interior_de_los_molinos_-_01.JPG
10-muino-fonte	03-muino-da-veiga.jpg	https://upload.wikimedia.org/wikipedia/commons/thumb/8/87/Mui%C3%B1o_da_veiga.jpg/1920px-Mui%C3%B1o_da_veiga.jpg
10-muino-fonte	04-rota-dos-muinhos-do-rio-das-gandaras-33-muinho-do-.jpg	https://upload.wikimedia.org/wikipedia/commons/thumb/8/8b/Rota_dos_mu%C3%ADnhos_do_rio_das_G%C3%A1ndaras_%2833%29_-_Mu%C3%ADnho_do_Bat%C3%A1m_1.jpg/1920px-Rota_dos_mu%C3%ADnhos_do_rio_das_G%C3%A1ndaras_%2833%29_-_Mu%C3%ADnho_do_Bat%C3%A1m_1.jpg
10-muino-fonte	05-noia-muino-de-ponte-da-traba-molino-de-ponte-da-tr.jpg	https://upload.wikimedia.org/wikipedia/commons/thumb/b/bc/Noia_-_Mui%C3%B1o_de_Ponte_da_Traba_-_Molino_de_Ponte_da_Traba_-_Watermill_of_Ponte_da_Traba_-_02.jpg/1920px-Noia_-_Mui%C3%B1o_de_Ponte_da_Traba_-_Molino_de_Ponte_da_Traba_-_Watermill_of_Ponte_da_Traba_-_02.jpg
10-muino-fonte	06-muino-do-batan-1.jpg	https://upload.wikimedia.org/wikipedia/commons/thumb/c/c4/Mu%C3%AD%C3%B1o_do_Bat%C3%A1n_1.JPG/1920px-Mu%C3%AD%C3%B1o_do_Bat%C3%A1n_1.JPG
10-muino-fonte	07-moendo-millo-rianxo-galiza.jpg	https://upload.wikimedia.org/wikipedia/commons/thumb/d/de/Moendo_millo%2C_Rianxo%2C_Galiza.jpg/1920px-Moendo_millo%2C_Rianxo%2C_Galiza.jpg
10-muino-fonte	08-batanes-interior.jpg	https://upload.wikimedia.org/wikipedia/commons/thumb/2/20/Batanes_%28Interior%29.jpg/960px-Batanes_%28Interior%29.jpg
10-muino-fonte	09-placa-fonte-e-lavadoiro-nas-xubias.jpg	https://upload.wikimedia.org/wikipedia/commons/thumb/d/d2/Placa_fonte_e_lavadoiro_nas_Xubias.jpg/960px-Placa_fonte_e_lavadoiro_nas_Xubias.jpg
10-muino-fonte	10-balneario-de-requeixo-vilaza-monterrei-muino-3.jpg	https://upload.wikimedia.org/wikipedia/commons/thumb/4/48/Balneario_de_Requeixo_%28Vilaza%2C_Monterrei%29_-_mu%C3%AD%C3%B1o_3.jpg/1920px-Balneario_de_Requeixo_%28Vilaza%2C_Monterrei%29_-_mu%C3%AD%C3%B1o_3.jpg
10-muino-fonte	11-muino-barbana-ridimoas-img-20250303-114900.jpg	https://upload.wikimedia.org/wikipedia/commons/thumb/a/ae/Mui%C3%B1o_Barba%C3%B1a_Ridimoas_IMG_20250303_114900.jpg/1920px-Mui%C3%B1o_Barba%C3%B1a_Ridimoas_IMG_20250303_114900.jpg
10-muino-fonte	12-muino-do-alvarez-2.jpg	https://upload.wikimedia.org/wikipedia/commons/thumb/2/2d/Mu%C3%AD%C3%B1o_do_%C3%81lvarez_2.jpg/1920px-Mu%C3%AD%C3%B1o_do_%C3%81lvarez_2.jpg
10-muino-fonte	13-muinho-de-vilarraso-no-deo-18.jpg	https://upload.wikimedia.org/wikipedia/commons/thumb/f/fa/Mu%C3%ADnho_de_Vilarraso_no_Deo_%2818%29.jpg/1920px-Mu%C3%ADnho_de_Vilarraso_no_Deo_%2818%29.jpg
10-muino-fonte	14-muinho-de-vilarraso-no-deo-19.jpg	https://upload.wikimedia.org/wikipedia/commons/thumb/c/c0/Mu%C3%ADnho_de_Vilarraso_no_Deo_%2819%29.jpg/1920px-Mu%C3%ADnho_de_Vilarraso_no_Deo_%2819%29.jpg
10-muino-fonte	15-muinho-preto-do-portalece-18.jpg	https://upload.wikimedia.org/wikipedia/commons/thumb/0/08/Mu%C3%ADnho_pr%C3%A9to_do_Portalece_%2818%29.jpg/1920px-Mu%C3%ADnho_pr%C3%A9to_do_Portalece_%2818%29.jpg
10-muino-fonte	16-belen-de-valga-2013-026.jpg	https://upload.wikimedia.org/wikipedia/commons/thumb/c/cf/Bel%C3%A9n_de_Valga_2013_026.JPG/1920px-Bel%C3%A9n_de_Valga_2013_026.JPG
11-barcos-costa	01-nasa11dorna05eue.jpg	https://upload.wikimedia.org/wikipedia/commons/thumb/f/fc/Nasa11dorna05eue.jpg/1280px-Nasa11dorna05eue.jpg
11-barcos-costa	02-dornas-na-ria-de-arousa.jpg	https://upload.wikimedia.org/wikipedia/commons/thumb/7/76/Dornas_na_r%C3%ADa_de_Arousa.JPG/1920px-Dornas_na_r%C3%ADa_de_Arousa.JPG
11-barcos-costa	03-2016-dorna-afundida-en-muros-galiza-273.jpg	https://upload.wikimedia.org/wikipedia/commons/thumb/9/93/2016_Dorna_afundida_en_Muros._Galiza_273.jpg/1920px-2016_Dorna_afundida_en_Muros._Galiza_273.jpg
11-barcos-costa	04-2017-dorna-en-palmeira-ribeira-galiza-galicia.jpg	https://upload.wikimedia.org/wikipedia/commons/thumb/d/d4/2017._Dorna_en_Palmeira._Ribeira._Galiza_Galicia.jpg/1920px-2017._Dorna_en_Palmeira._Ribeira._Galiza_Galicia.jpg
11-barcos-costa	05-2017-duas-dornas-en-palmeira-ribeira-galiza-galici.jpg	https://upload.wikimedia.org/wikipedia/commons/thumb/c/c1/2017._D%C3%BAas_dornas_en_Palmeira._Ribeira._Galiza_Galicia.jpg/1920px-2017._D%C3%BAas_dornas_en_Palmeira._Ribeira._Galiza_Galicia.jpg
11-barcos-costa	06-2017-ria-de-muros-noia-03.jpg	https://upload.wikimedia.org/wikipedia/commons/thumb/7/76/2017_R%C3%ADa_de_Muros-Noia_03.jpg/1920px-2017_R%C3%ADa_de_Muros-Noia_03.jpg
11-barcos-costa	07-anoitecer-regoelle.jpg	https://upload.wikimedia.org/wikipedia/commons/thumb/9/9c/Anoitecer_Regoelle.jpg/1920px-Anoitecer_Regoelle.jpg
11-barcos-costa	08-cruz-y-barco.png	https://upload.wikimedia.org/wikipedia/commons/thumb/e/e2/Cruz_y_barco.png/1920px-Cruz_y_barco.png
11-barcos-costa	09-monte-xalo-22v2016-02.jpg	https://upload.wikimedia.org/wikipedia/commons/thumb/d/dd/Monte_Xalo_22V2016_02.jpg/1920px-Monte_Xalo_22V2016_02.jpg
11-barcos-costa	10-pablo-sanxiao-boats.jpg	https://upload.wikimedia.org/wikipedia/commons/thumb/3/33/Pablo_Sanxiao_-_boats.jpg/1920px-Pablo_Sanxiao_-_boats.jpg
11-barcos-costa	11-santander-regata-en-la-bahia-3.jpg	https://upload.wikimedia.org/wikipedia/commons/thumb/5/56/Santander%2C_regata_en_la_Bah%C3%ADa_3.jpg/1920px-Santander%2C_regata_en_la_Bah%C3%ADa_3.jpg
11-barcos-costa	12-dorna-e-gamela.jpg	https://upload.wikimedia.org/wikipedia/commons/thumb/8/8d/Dorna_e_Gamela.jpg/1280px-Dorna_e_Gamela.jpg
11-barcos-costa	13-gamela-e-dorna.jpg	https://upload.wikimedia.org/wikipedia/commons/thumb/1/12/Gamela_e_dorna.jpg/1280px-Gamela_e_dorna.jpg
11-barcos-costa	14-dorna-vela.jpg	https://upload.wikimedia.org/wikipedia/commons/thumb/0/0c/Dorna_vela.jpg/960px-Dorna_vela.jpg
11-barcos-costa	15-dorna-afundida-taramancos-boa-noia.jpg	https://upload.wikimedia.org/wikipedia/commons/thumb/e/ea/Dorna_afundida._Taramancos%2C_Boa%2C_Noia.jpg/1920px-Dorna_afundida._Taramancos%2C_Boa%2C_Noia.jpg
11-barcos-costa	16-dorna-a-vela-rianxo-de-noite.jpg	https://upload.wikimedia.org/wikipedia/commons/thumb/9/92/Dorna_a_vela._Rianxo_de_noite.jpg/1920px-Dorna_a_vela._Rianxo_de_noite.jpg
12-iconografia	01-castelo-de-pambre-2.jpg	https://upload.wikimedia.org/wikipedia/commons/thumb/c/c4/Castelo_de_Pambre_2.JPG/1920px-Castelo_de_Pambre_2.JPG
12-iconografia	02-castelo-de-pambre-palas-de-rei.jpg	https://upload.wikimedia.org/wikipedia/commons/thumb/b/bf/Castelo_de_Pambre%2C_Palas_de_Rei.jpg/1920px-Castelo_de_Pambre%2C_Palas_de_Rei.jpg
12-iconografia	03-villasobrosomondariz018.jpg	https://upload.wikimedia.org/wikipedia/commons/thumb/0/01/Villasobrosomondariz018.jpg/1920px-Villasobrosomondariz018.jpg
12-iconografia	04-dende-a-fiestra-8578368554.jpg	https://upload.wikimedia.org/wikipedia/commons/thumb/3/34/Dende_a_Fiestra_%288578368554%29.jpg/1920px-Dende_a_Fiestra_%288578368554%29.jpg
12-iconografia	05-torre-da-homenaxe-dende-a-igrexa-de-santa-maria-gr.jpg	https://upload.wikimedia.org/wikipedia/commons/thumb/4/4d/Torre_da_Homenaxe_dende_a_igrexa_de_Santa_Mar%C3%ADa_Gracia.jpg/1920px-Torre_da_Homenaxe_dende_a_igrexa_de_Santa_Mar%C3%ADa_Gracia.jpg
12-iconografia	06-ribadavia-castillo-castelo-02.jpg	https://upload.wikimedia.org/wikipedia/commons/thumb/8/84/Ribadavia_-_Castillo_-_Castelo_-_02.jpg/1920px-Ribadavia_-_Castillo_-_Castelo_-_02.jpg
12-iconografia	07-2025-capitel-da-igrexa-de-salome-santiago-1.jpg	https://upload.wikimedia.org/wikipedia/commons/thumb/6/6d/2025_Capitel_da_Igrexa_de_Salom%C3%A9._Santiago-1.jpg/1920px-2025_Capitel_da_Igrexa_de_Salom%C3%A9._Santiago-1.jpg
12-iconografia	08-monterrei-santa-maria-de-gracia-corbels175.jpg	https://upload.wikimedia.org/wikipedia/commons/thumb/5/50/Monterrei_Santa_Mar%C3%ADa_de_Gracia_corbels175.JPG/1920px-Monterrei_Santa_Mar%C3%ADa_de_Gracia_corbels175.JPG
12-iconografia	09-portico-da-gloria-06-03b.jpg	https://upload.wikimedia.org/wikipedia/commons/thumb/c/c8/Portico_da_Gloria_06-03b.JPG/1920px-Portico_da_Gloria_06-03b.JPG
12-iconografia	10-iglesia-de-san-salvador-de-asma-2.jpg	https://upload.wikimedia.org/wikipedia/commons/thumb/0/08/Iglesia_de_San_Salvador_de_Asma_2.jpg/1920px-Iglesia_de_San_Salvador_de_Asma_2.jpg
12-iconografia	11-cortapezascapitel.jpg	https://upload.wikimedia.org/wikipedia/commons/thumb/4/40/CortapezasCapitel.jpg/1920px-CortapezasCapitel.jpg
12-iconografia	12-canecillo-de-la-iglesia-de-san-pedro-vivero.jpg	https://upload.wikimedia.org/wikipedia/commons/thumb/6/61/Canecillo_de_la_Iglesia_de_San_Pedro_%28Vivero%29.jpg/1920px-Canecillo_de_la_Iglesia_de_San_Pedro_%28Vivero%29.jpg
12-iconografia	13-2017-mosteiro-de-oseira-9.jpg	https://upload.wikimedia.org/wikipedia/commons/thumb/5/51/2017_Mosteiro_de_Oseira-9.jpg/1920px-2017_Mosteiro_de_Oseira-9.jpg
12-iconografia	14-afonso-ii-o-casto-de-oviedo-tumbo-a-r.jpg	https://upload.wikimedia.org/wikipedia/commons/thumb/0/0f/Afonso_II_o_Casto%2C_de_Oviedo_%28Tumbo_A%29%2C_r.jpg/1280px-Afonso_II_o_Casto%2C_de_Oviedo_%28Tumbo_A%29%2C_r.jpg
12-iconografia	15-afonso-iii-o-magno-tumbo-a-r.jpg	https://upload.wikimedia.org/wikipedia/commons/thumb/b/bd/Afonso_III_o_Magno_%28Tumbo_A%29%2C_r.jpg/1280px-Afonso_III_o_Magno_%28Tumbo_A%29%2C_r.jpg
12-iconografia	16-bispo-teodomiro.jpg	https://upload.wikimedia.org/wikipedia/commons/thumb/0/0c/Bispo_Teodomiro.jpg/1920px-Bispo_Teodomiro.jpg
12-iconografia	17-adeffonsus-rex-legionensium-et-gallecie.jpg	https://upload.wikimedia.org/wikipedia/commons/thumb/7/73/Adeffonsus_rex_legionensium_et_gallecie.jpg/1280px-Adeffonsus_rex_legionensium_et_gallecie.jpg
12-iconografia	18-fernando-ii-de-galicia-e-leon-no-tombo-a.jpg	https://upload.wikimedia.org/wikipedia/commons/thumb/d/d3/Fernando_II_de_Galicia_e_Leon_no_tombo_A.jpg/500px-Fernando_II_de_Galicia_e_Leon_no_tombo_A.jpg
12-iconografia	19-fernando-iii-como-rei-de-castela-e-toledo-e-de-gal.jpg	https://upload.wikimedia.org/wikipedia/commons/thumb/2/22/Fernando_III_como_rei_de_Castela_e_Toledo_e_de_Galiza_e_Leon_no_Tombo_A.jpg/960px-Fernando_III_como_rei_de_Castela_e_Toledo_e_de_Galiza_e_Leon_no_Tombo_A.jpg
12-iconografia	20-caballeria-cantiga-106.jpg	https://upload.wikimedia.org/wikipedia/commons/thumb/6/6a/Caballeria_Cantiga_106.jpg/500px-Caballeria_Cantiga_106.jpg
12-iconografia	21-cantigas-de-santa-maria-codice-de-el-escorial-cant.jpg	https://upload.wikimedia.org/wikipedia/commons/thumb/0/0a/Cantigas_de_Santa_Maria._Codice_de_El_Escorial._Cantiga_123_miniaturas.jpg/1920px-Cantigas_de_Santa_Maria._Codice_de_El_Escorial._Cantiga_123_miniaturas.jpg
12-iconografia	22-miniatura-representant-lexercit-almohade.jpg	https://upload.wikimedia.org/wikipedia/commons/thumb/6/6d/Miniatura_representant_l%E2%80%99ex%C3%A8rcit_almohade.jpg/960px-Miniatura_representant_l%E2%80%99ex%C3%A8rcit_almohade.jpg
14-samos-antiguo	01-portada-romanica-del-monasterio-de-san-julian-de-s.jpg	https://upload.wikimedia.org/wikipedia/commons/thumb/a/a8/Portada_rom%C3%A1nica_del_Monasterio_de_San_Juli%C3%A1n_de_Samos.jpg/1920px-Portada_rom%C3%A1nica_del_Monasterio_de_San_Juli%C3%A1n_de_Samos.jpg
14-samos-antiguo	02-2017-mosteiro-de-samos-samos-galiza-3.jpg	https://upload.wikimedia.org/wikipedia/commons/thumb/b/b0/2017_Mosteiro_de_Samos._Samos._Galiza-3.jpg/1920px-2017_Mosteiro_de_Samos._Samos._Galiza-3.jpg
14-samos-antiguo	03-2017-portal-do-mosteiro-de-samos-galiza.jpg	https://upload.wikimedia.org/wikipedia/commons/thumb/2/2c/2017_Portal_do_Mosteiro_de_Samos._Galiza.jpg/1920px-2017_Portal_do_Mosteiro_de_Samos._Galiza.jpg
14-samos-antiguo	04-2017-mosteiro-de-samos-galiza-6.jpg	https://upload.wikimedia.org/wikipedia/commons/thumb/2/2b/2017_Mosteiro_de_Samos._Galiza-6.jpg/1920px-2017_Mosteiro_de_Samos._Galiza-6.jpg
14-samos-antiguo	05-exhibition-ruth-anderson-in-pontevedra-03.jpg	https://upload.wikimedia.org/wikipedia/commons/thumb/1/10/Exhibition_Ruth_Anderson_in_Pontevedra_03.jpg/1920px-Exhibition_Ruth_Anderson_in_Pontevedra_03.jpg
14-samos-antiguo	06-fonte-das-nereidas-claustro-do-mosteiro-de-samos-g.jpg	https://upload.wikimedia.org/wikipedia/commons/thumb/5/5f/Fonte_das_Nereidas_-_Claustro_do_Mosteiro_de_Samos_-_Galiza.jpg/1920px-Fonte_das_Nereidas_-_Claustro_do_Mosteiro_de_Samos_-_Galiza.jpg
14-samos-antiguo	07-samos-monasterio-claustro.jpg	https://upload.wikimedia.org/wikipedia/commons/thumb/1/1e/Samos_monasterio_claustro.jpg/1920px-Samos_monasterio_claustro.jpg
14-samos-antiguo	08-samos-monasterio-claustro-superior.jpg	https://upload.wikimedia.org/wikipedia/commons/thumb/e/ea/Samos_monasterio_claustro_superior.jpg/1920px-Samos_monasterio_claustro_superior.jpg
14-samos-antiguo	09-claustro-grande-del-monasterio-de-san-julian-de-sa.jpg	https://upload.wikimedia.org/wikipedia/commons/thumb/c/c8/Claustro_grande_del_Monasterio_de_San_Juli%C3%A1n_de_Samos.jpg/1920px-Claustro_grande_del_Monasterio_de_San_Juli%C3%A1n_de_Samos.jpg
14-samos-antiguo	10-galeria-superior-del-claustro-grande-monasterio-de.jpg	https://upload.wikimedia.org/wikipedia/commons/thumb/9/99/Galer%C3%ADa_superior_del_Claustro_Grande_%28Monasterio_de_Samos%29.jpg/1920px-Galer%C3%ADa_superior_del_Claustro_Grande_%28Monasterio_de_Samos%29.jpg
14-samos-antiguo	11-claustro-grande-y-monumento-a-feijoo-monasterio-de.jpg	https://upload.wikimedia.org/wikipedia/commons/thumb/1/11/Claustro_grande_y_monumento_a_Feijoo_%28Monasterio_de_Samos%29.jpg/1920px-Claustro_grande_y_monumento_a_Feijoo_%28Monasterio_de_Samos%29.jpg
14-samos-antiguo	12-claustro-monasterio-de-san-juan-de-samos.jpg	https://upload.wikimedia.org/wikipedia/commons/thumb/c/c2/Claustro_Monasterio_de_San_Juan_de_Samos.jpg/1920px-Claustro_Monasterio_de_San_Juan_de_Samos.jpg
14-samos-antiguo	13-claustro-monasterio-san-juan-de-samos.jpg	https://upload.wikimedia.org/wikipedia/commons/thumb/5/5a/Claustro_Monasterio_San_Juan_de_Samos.jpg/1920px-Claustro_Monasterio_San_Juan_de_Samos.jpg
14-samos-antiguo	14-claustro-de-las-nereidas-de-la-abadia-de-samos-lug.jpg	https://upload.wikimedia.org/wikipedia/commons/thumb/f/f9/Claustro_de_las_Nereidas_de_la_Abad%C3%ADa_de_Samos_%28lugo%29.jpg/960px-Claustro_de_las_Nereidas_de_la_Abad%C3%ADa_de_Samos_%28lugo%29.jpg
14-samos-antiguo	15-claustro-del-padre-feijoo-de-la-real-abadia-de-sam.jpg	https://upload.wikimedia.org/wikipedia/commons/thumb/5/51/Claustro_del_Padre_Feijoo_de_la_Real_Abad%C3%ADa_de_Samos_%28Lugo%29.jpg/960px-Claustro_del_Padre_Feijoo_de_la_Real_Abad%C3%ADa_de_Samos_%28Lugo%29.jpg
14-samos-antiguo	16-plata-superior-del-claustro.jpg	https://upload.wikimedia.org/wikipedia/commons/thumb/9/91/Plata_superior_del_claustro.jpg/1920px-Plata_superior_del_claustro.jpg
13-armas-ropa	01-rapier-of-prince-elector-christian-ii-of-saxony-15.jpg	https://images.metmuseum.org/CRDImages/aa/web-large/LC-1970_77-001.jpg
13-armas-ropa	02-smallsword-in-the-spanish-style-ca.jpg	https://images.metmuseum.org/CRDImages/aa/web-large/LC-26_145_295-001.jpg
13-armas-ropa	03-sword-ca.jpg	https://images.metmuseum.org/CRDImages/aa/web-large/LC-14_25_1098-003.jpg
13-armas-ropa	04-thrusting-sword-i-spada-da-stocco-i-ca.jpg	https://images.metmuseum.org/CRDImages/aa/web-large/LC-14_25_1165-002.jpg
13-armas-ropa	05-transitional-rapier-hilt-ca.jpg	https://images.metmuseum.org/CRDImages/aa/web-large/LC-14_25_1084-005.jpg
13-armas-ropa	06-cup-hilted-rapier-ca.jpg	https://images.metmuseum.org/CRDImages/aa/web-large/LC-14_25_1176-001-2.jpg
13-armas-ropa	07-rapier-ca.jpg	https://images.metmuseum.org/CRDImages/aa/web-large/LC-04_3_25-001-2.jpg
13-armas-ropa	08-sword-with-scabbard-late-15th-century.jpg	https://images.metmuseum.org/CRDImages/aa/web-large/2285.jpg
13-armas-ropa	09-rapier-dated-1773.jpg	https://images.metmuseum.org/CRDImages/aa/web-large/LC-14_25_1025-001.jpg
13-armas-ropa	10-cup-hilted-rapier-17th-century.jpg	https://images.metmuseum.org/CRDImages/aa/web-large/LC-14_25_998-001.jpg
13-armas-ropa	11-cup-hilted-rapier-ca.jpg	https://images.metmuseum.org/CRDImages/aa/web-large/LC-14_25_995-002-2.jpg
13-armas-ropa	12-helmet-sallet-late-15thearly-16th-century.jpg	https://images.metmuseum.org/CRDImages/aa/web-large/DP160368.jpg
13-armas-ropa	13-war-hat-late-15th-century.jpg	https://images.metmuseum.org/CRDImages/aa/web-large/DP-12880-030.jpg
13-armas-ropa	14-helmet-16th-century.jpg	https://images.metmuseum.org/CRDImages/ci/web-large/DP101962.jpg
13-armas-ropa	15-sallet-ca.jpg	https://images.metmuseum.org/CRDImages/aa/web-large/DP22311.jpg
13-armas-ropa	16-cabasset-second-half-16th-century.jpg	https://images.metmuseum.org/CRDImages/aa/web-large/14.25.533_005AA2015.jpg
13-armas-ropa	17-sallet-late-15th-century.jpg	https://images.metmuseum.org/CRDImages/aa/web-large/29.158.3a_007may2015.jpg
13-armas-ropa	18-close-helmet-for-the-tournament-on-foot-ca.jpg	https://images.metmuseum.org/CRDImages/aa/web-large/14.25.595_008mar2015.jpg
